Branch,Content
ALLPVX,Vector of x-coordinates of all primary vertices
ALLPVY,Vector of y-coordinates of all primary vertices
ALLPVZ,Vector of z-coordinates of all primary vertices
BUNCHCROSSING_ID,Bunch crossing identifier from ODIN
BUNCHCROSSING_TYPE,Bunch crossing type from ODIN
Decision,Global event decision
EVENTNUMBER,Event number from ODIN
EVENTTYPE,Extracts event type from ODIN
FillNumber,LHC fill number from conditions
GPSTIME,GPS time from ODIN
Hlt1DiMuonHighMassDecision,Trigger decision: Hlt1DiMuonHighMass
Hlt1DiMuonLowMassDecision,Trigger decision: Hlt1DiMuonLowMass
Hlt1DiMuonNoIPDecision,Trigger decision: Hlt1DiMuonNoIP
Hlt1DiMuonNoIP_SSDecision,Trigger decision: Hlt1DiMuonNoIP SS
Hlt1DiMuonSoftDecision,Trigger decision: Hlt1DiMuonSoft
Hlt1GlobalDecision,Trigger decision: Hlt1Global
Hlt1LowPtDiMuonDecision,Trigger decision: Hlt1LowPtDiMuon
Hlt1LowPtMuonDecision,Trigger decision: Hlt1LowPtMuon
Hlt1PhysDecision,Trigger decision: Hlt1Phys
Hlt1SingleHighPtMuonDecision,Trigger decision: Hlt1SingleHighPtMuon
Hlt1TrackMVADecision,Trigger decision: Hlt1TrackMVA
Hlt1TrackMuonMVADecision,Trigger decision: Hlt1TrackMuonMVA
Hlt1TrackMuonMVADecisionHlt1TwoTrackMVADecision,Trigger decision: Hlt1TrackMuonMVAHlt1TwoTrackMVA
Hlt1_TCK,Hlt1 trigger configuration key
Hlt2QEE_DiJetIncSVTag_pT25M40FullDecision,Trigger decision: Hlt2QEE DiJetIncSVTag pT25M40Full
Hlt2QEE_DiSVTagJet10GeVFullDecision,Trigger decision: Hlt2QEE DiSVTagJet10GeVFull
Hlt2QEE_DiSVTagJet15GeVFullDecision,Trigger decision: Hlt2QEE DiSVTagJet15GeVFull
Hlt2QEE_DiSVTagJet20GeVFullDecision,Trigger decision: Hlt2QEE DiSVTagJet20GeVFull
Hlt2QEE_DiSVTagJet25GeVFullDecision,Trigger decision: Hlt2QEE DiSVTagJet25GeVFull
Hlt2QEE_DiSVTagJet30GeVFullDecision,Trigger decision: Hlt2QEE DiSVTagJet30GeVFull
Hlt2QEE_DiSVTagJet35GeVFullDecision,Trigger decision: Hlt2QEE DiSVTagJet35GeVFull
Hlt2QEE_DiTopoTagJet10GeVFullDecision,Trigger decision: Hlt2QEE DiTopoTagJet10GeVFull
Hlt2QEE_DiTopoTagJet15GeVFullDecision,Trigger decision: Hlt2QEE DiTopoTagJet15GeVFull
Hlt2QEE_DiTopoTagJet20GeVFullDecision,Trigger decision: Hlt2QEE DiTopoTagJet20GeVFull
Hlt2QEE_DiTopoTagJet25GeVFullDecision,Trigger decision: Hlt2QEE DiTopoTagJet25GeVFull
Hlt2QEE_DiTopoTagJet30GeVFullDecision,Trigger decision: Hlt2QEE DiTopoTagJet30GeVFull
Hlt2QEE_DiTopoTagJet35GeVFullDecision,Trigger decision: Hlt2QEE DiTopoTagJet35GeVFull
Hlt2QEE_IncJet15GeVFullDecision,Trigger decision: Hlt2QEE IncJet15GeVFull
Hlt2QEE_IncJet25GeVFullDecision,Trigger decision: Hlt2QEE IncJet25GeVFull
Hlt2QEE_IncJet35GeVFullDecision,Trigger decision: Hlt2QEE IncJet35GeVFull
Hlt2QEE_IncJet45GeVFullDecision,Trigger decision: Hlt2QEE IncJet45GeVFull
Hlt2QEE_SingleHighPtElectronFullDecision,Trigger decision: Hlt2QEE SingleHighPtElectronFull
Hlt2QEE_SingleHighPtMuonFullDecision,Trigger decision: Hlt2QEE SingleHighPtMuonFull
Hlt2QEE_SingleHighPtMuonIsoFullDecision,Trigger decision: Hlt2QEE SingleHighPtMuonIsoFull
Hlt2QEE_SingleHighPtMuonNoMuIDFullDecision,Trigger decision: Hlt2QEE SingleHighPtMuonNoMuIDFull
Hlt2QEE_SingleVHighPtElectronFullDecision,Trigger decision: Hlt2QEE SingleVHighPtElectronFull
Hlt2QEE_ZToMuMu_DoubleNoMuIDFullDecision,Trigger decision: Hlt2QEE ZToMuMu DoubleNoMuIDFull
Hlt2QEE_ZToMuMu_SingleNoMuIDFullDecision,Trigger decision: Hlt2QEE ZToMuMu SingleNoMuIDFull
Hlt2_TCK,Hlt2 trigger configuration key
Jet1_CPF,
Jet1_ConE,Map a functor over a range; Get the energy (see FOURMOMENTUM() for definition).
Jet1_ConETA,Map a functor over a range; Get the eta (pseudorapidity) coordinate of a slope (see SLOPES() for definition).
Jet1_ConETA_indx,Index array for Jet1_ConETA
Jet1_ConE_indx,Index array for Jet1_ConE
Jet1_ConINBREM,Map a functor over a range; Return contained value of optional or specified default if optional is empty
Jet1_ConINBREM_indx,Index array for Jet1_ConINBREM
Jet1_ConINECAL,Map a functor over a range; Return contained value of optional or specified default if optional is empty
Jet1_ConINECAL_indx,Index array for Jet1_ConINECAL
Jet1_ConINHCAL,Map a functor over a range; Return contained value of optional or specified default if optional is empty
Jet1_ConINHCAL_indx,Index array for Jet1_ConINHCAL
Jet1_ConINMUON,Map a functor over a range; Return contained value of optional or specified default if optional is empty
Jet1_ConINMUON_indx,Index array for Jet1_ConINMUON
Jet1_ConKey,Map a functor over a range; Key of the KeyedObject.
Jet1_ConKey_indx,Index array for Jet1_ConKey
Jet1_ConMass,Map a functor over a range; Get the particle (composite or basic) mass.
Jet1_ConMass_indx,Index array for Jet1_ConMass
Jet1_ConNFTHITS,Map a functor over a range; Return contained value of optional or specified default if optional is empty
Jet1_ConNFTHITS_indx,Index array for Jet1_ConNFTHITS
Jet1_ConNFTHOLES,Map a functor over a range; Return contained value of optional or specified default if optional is empty
Jet1_ConNFTHOLES_indx,Index array for Jet1_ConNFTHOLES
Jet1_ConNHITS,Map a functor over a range; Return contained value of optional or specified default if optional is empty
Jet1_ConNHITS_indx,Index array for Jet1_ConNHITS
Jet1_ConNUTHITS,Map a functor over a range; Return contained value of optional or specified default if optional is empty
Jet1_ConNUTHITS_indx,Index array for Jet1_ConNUTHITS
Jet1_ConNVPHITS,Map a functor over a range; Return contained value of optional or specified default if optional is empty
Jet1_ConNVPHITSA,Map a functor over a range; Return contained value of optional or specified default if optional is empty
Jet1_ConNVPHITSA_indx,Index array for Jet1_ConNVPHITSA
Jet1_ConNVPHITSC,Map a functor over a range; Return contained value of optional or specified default if optional is empty
Jet1_ConNVPHITSC_indx,Index array for Jet1_ConNVPHITSC
Jet1_ConNVPHITS_indx,Index array for Jet1_ConNVPHITS
Jet1_ConNVPHOLES,Map a functor over a range; Return contained value of optional or specified default if optional is empty
Jet1_ConNVPHOLES_indx,Index array for Jet1_ConNVPHOLES
Jet1_ConNVPLAYERS,Map a functor over a range; Return contained value of optional or specified default if optional is empty
Jet1_ConNVPLAYERS_indx,Index array for Jet1_ConNVPLAYERS
Jet1_ConPHI,Map a functor over a range; Get the phi coordinate of a slope (see SLOPES() for definition).
Jet1_ConPHI_indx,Index array for Jet1_ConPHI
Jet1_ConPID,Map a functor over a range; Particle ID of a Particle or MCParticle.
Jet1_ConPID_indx,Index array for Jet1_ConPID
Jet1_ConPT,Map a functor over a range; Get the transverse momentum (see THREEMOMENTUM() for definition).
Jet1_ConPT_indx,Index array for Jet1_ConPT
Jet1_ConPX,Map a functor over a range; Get the X-coordinate of the momentum (see THREEMOMENTUM() for definition).
Jet1_ConPX_indx,Index array for Jet1_ConPX
Jet1_ConPY,Map a functor over a range; Get the Y-coordinate of the momentum (see THREEMOMENTUM() for definition).
Jet1_ConPY_indx,Index array for Jet1_ConPY
Jet1_ConPZ,Map a functor over a range; Get the Z-coordinate of the momentum (see THREEMOMENTUM() for definition).
Jet1_ConPZ_indx,Index array for Jet1_ConPZ
Jet1_ConQ,Map a functor over a range; Compute the charge
Jet1_ConQ_indx,Index array for Jet1_ConQ
Jet1_ConSumINBREM,Count the number of elements in a range satisfying some predicate
Jet1_ConSumINECAL,Count the number of elements in a range satisfying some predicate
Jet1_ConSumINHCAL,Count the number of elements in a range satisfying some predicate
Jet1_ConSumINMUON,Count the number of elements in a range satisfying some predicate
Jet1_ConSumNUTHITS,Count the number of elements in a range satisfying some predicate
Jet1_ConSumTRACKHAST,Count the number of elements in a range satisfying some predicate
Jet1_ConSumTRACKHASUT,Count the number of elements in a range satisfying some predicate
Jet1_ConSumTRACKHASVELO,Count the number of elements in a range satisfying some predicate
Jet1_ConSumTRACKISDOWNSTREAM,Count the number of elements in a range satisfying some predicate
Jet1_ConSumTRACKISLONG,Count the number of elements in a range satisfying some predicate
Jet1_ConSumTRACKISTTRACK,Count the number of elements in a range satisfying some predicate
Jet1_ConSumTRACKISUPSTREAM,Count the number of elements in a range satisfying some predicate
Jet1_ConSumTRACKISVELO,Count the number of elements in a range satisfying some predicate
Jet1_ConTRACKHAST,Map a functor over a range; Return contained value of optional or specified default if optional is empty
Jet1_ConTRACKHAST_indx,Index array for Jet1_ConTRACKHAST
Jet1_ConTRACKHASUT,Map a functor over a range; Return contained value of optional or specified default if optional is empty
Jet1_ConTRACKHASUT_indx,Index array for Jet1_ConTRACKHASUT
Jet1_ConTRACKHASVELO,Map a functor over a range; Return contained value of optional or specified default if optional is empty
Jet1_ConTRACKHASVELO_indx,Index array for Jet1_ConTRACKHASVELO
Jet1_ConTRACKISDOWNSTREAM,Map a functor over a range; Return contained value of optional or specified default if optional is empty
Jet1_ConTRACKISDOWNSTREAM_indx,Index array for Jet1_ConTRACKISDOWNSTREAM
Jet1_ConTRACKISLONG,Map a functor over a range; Return contained value of optional or specified default if optional is empty
Jet1_ConTRACKISLONG_indx,Index array for Jet1_ConTRACKISLONG
Jet1_ConTRACKISTTRACK,Map a functor over a range; Return contained value of optional or specified default if optional is empty
Jet1_ConTRACKISTTRACK_indx,Index array for Jet1_ConTRACKISTTRACK
Jet1_ConTRACKISUPSTREAM,Map a functor over a range; Return contained value of optional or specified default if optional is empty
Jet1_ConTRACKISUPSTREAM_indx,Index array for Jet1_ConTRACKISUPSTREAM
Jet1_ConTRACKISVELO,Map a functor over a range; Return contained value of optional or specified default if optional is empty
Jet1_ConTRACKISVELO_indx,Index array for Jet1_ConTRACKISVELO
Jet1_E,Get the energy (see FOURMOMENTUM() for definition).
Jet1_ETA,Get the eta (pseudorapidity) coordinate of a slope (see SLOPES() for definition).
Jet1_JEC,
Jet1_JECError,
Jet1_JetWidth,
Jet1_JetWidthNorm,
Jet1_Key,Key of the KeyedObject.
Jet1_M,Get the particle (composite or basic) mass.
Jet1_MNF,
Jet1_MPT,
Jet1_MTF,
Jet1_N90,
Jet1_NHasPV,
Jet1_NIPChi2Inf4,
Jet1_NPVsForJEC,
Jet1_NSatCalo,
Jet1_NSatECAL,
Jet1_NSatHCAL,
Jet1_Ntracks,
Jet1_P,Get the magnitude of the momentum vector (see THREEMOMENTUM() for definition).
Jet1_PARTICLE_ID,Particle ID (PDG code)
Jet1_PHI,Get the phi coordinate of a slope (see SLOPES() for definition).
Jet1_PROBNN_D,MVA probability for deuteron hypothesis
Jet1_PROBNN_E,MVA probability for electron hypothesis
Jet1_PROBNN_GHOST,MVA probability for ghost track hypothesis
Jet1_PROBNN_K,MVA probability for kaon hypothesis
Jet1_PROBNN_MU,MVA probability for muon hypothesis
Jet1_PROBNN_P,MVA probability for proton hypothesis
Jet1_PROBNN_PI,MVA probability for pion hypothesis
Jet1_PT,Get the transverse momentum (see THREEMOMENTUM() for definition).
Jet1_PX,Get the X-coordinate of the momentum (see THREEMOMENTUM() for definition).
Jet1_PY,Get the Y-coordinate of the momentum (see THREEMOMENTUM() for definition).
Jet1_PZ,Get the Z-coordinate of the momentum (see THREEMOMENTUM() for definition).
Jet1_THETA,Get the theta coordinate of a slope (see SLOPES() for definition).
Jet1_log_P,Get the magnitude of the momentum vector (see THREEMOMENTUM() for definition).
Jet1_log_PT,Get the transverse momentum (see THREEMOMENTUM() for definition).
Jet1_nChargedCons,Evaluates the number of particles in a decay tree satisfying the predicate at the given depth (see GET_GENERATION() for definition)
Jet1_nCons,Evaluates the number of particles in a decay tree satisfying the predicate at the given depth (see GET_GENERATION() for definition)
Jet1_nNeutralCons,Evaluates the number of particles in a decay tree satisfying the predicate at the given depth (see GET_GENERATION() for definition)
Jet1_vtx_x,
Jet1_vtx_y,
Jet1_vtx_z,
MuNuR_ALLPV_IP,Impact parameter with respect to all primary vertices
MuNuR_ALLPV_IPCHI2,Impact parameter chi2 with respect to all primary vertices
MuNuR_BREMBENDCORR,Correction factor accounting for bending biases in track due to brem
MuNuR_BREMENERGY,Brem momentum-recovery energy
MuNuR_BREMHYPOAREA,Area code of brem CaloHypo CellID
MuNuR_BREMHYPOCOL,Column code of brem CaloHypo CellID
MuNuR_BREMHYPODELTAX,Test statistic of being first-state like of CaloHypo (photon) for brem recovery
MuNuR_BREMHYPOENERGY,Energy of CaloHypo (photon) associated to track for brem recovery
MuNuR_BREMHYPOID,All significant bits representation of CellID (32bits) for CaloHypo (photon) associated to track for brem recovery
MuNuR_BREMHYPOMATCH_CHI2,2D chi2 of CaloHypo (photon) associated to track for brem recovery
MuNuR_BREMHYPOROW,Row code of brem CaloHypo CellID
MuNuR_BREMPIDE,Brem-based DLL for electron-ID
MuNuR_BREMTRACKBASEDENERGY,Track-based brem energy determination
MuNuR_CLUSTERAREA,Area code of best matching cluster CellID
MuNuR_CLUSTERCOL,Column code of best matching cluster CellID
MuNuR_CLUSTERID,CellID.all() of the best matching cluster for a given reconstructed track
MuNuR_CLUSTERMATCH_CHI2,CaloID estimator: 2D chi2 for Track/CaloCluster matching (neutral + charged)
MuNuR_CLUSTERROW,Row code of best matching cluster CellID
MuNuR_CaloClusterMass,Retrieve the CALO cluster mass obtained from MergedPi0Alg
MuNuR_CaloNeutral1To9EnergyRatio,Fraction of highest E cell (seed) to 9 (3x3) cells forming the cluster
MuNuR_CaloNeutral4To9EnergyRatio,Fraction of highest 2x2 cell (seed) to 9 (3x3) cells forming the cluster
MuNuR_CaloNeutralArea,Retrieve area code of neutral CaloHypo CellID
MuNuR_CaloNeutralCol,Retrieve column code of neutral CaloHypo CellID
MuNuR_CaloNeutralEcalEnergy,Retrieve the ECAL cluster energy associated to the neutral CaloHypo
MuNuR_CaloNeutralHcal2EcalEnergyRatio,Retrieve the HCAL/ECAL energy ratio associated to the neutral CaloHypo
MuNuR_CaloNeutralID,Retrieve bitwise information (32bits) of all CALO neutral seed CellIDs
MuNuR_CaloNeutralRow,Retrieve row code of neutral CaloHypo CellID
MuNuR_CaloNeutralShowerShape,CaloID estimator: 2nd order moment of the cluster (shower width)
MuNuR_CaloNumSaturatedCells,Number of saturated cells in calorimeter
MuNuR_CaloTrackMatchChi2,Chi2 of track-calorimeter cluster match
MuNuR_E,Get the energy (see FOURMOMENTUM() for definition).
MuNuR_ECALPIDE,Ecal-based DLL for electron-ID
MuNuR_ECALPIDMU,Ecal-based DLL for mu-ID
MuNuR_ELECTRONAREA,Area code of electron CaloHypo CellID
MuNuR_ELECTRONCOL,Column code of electron CaloHypo CellID
MuNuR_ELECTRONENERGY,Cluster energy associated to CaloHypo (charged electron)
MuNuR_ELECTRONID,All significant bits representation of CellID (32bits) associated to CaloHypo seed (electron hypo)
MuNuR_ELECTRONMATCH_CHI2,CaloID estimator: 3D chi2 for Track/CaloHypo(e) matching (charged)
MuNuR_ELECTRONROW,Row code of electron CaloHypo CellID
MuNuR_ELECTRONSHOWERDLL,Summed per-cell E/p DLL (electron versus pion) with track-based cell selection
MuNuR_ELECTRONSHOWEREOP,Electron energy/momentum with track-based cell selection
MuNuR_ETA,Get the eta (pseudorapidity) coordinate of a slope (see SLOPES() for definition).
MuNuR_GHOSTPROB,Track ghost probability (see TRACK() for definition).
MuNuR_HASBREM,Has non-zero brem momentum-recovery energy
MuNuR_HASBREMADDED,Has non-zero brem momentum-recovery energy added (using Particle class flag)
MuNuR_HCALEOP,Hcal energy deposit over momentum (track)
MuNuR_HCALPIDE,Hcal-based DLL for electron-ID
MuNuR_HCALPIDMU,Hcal-based DLL for mu-ID
MuNuR_Hlt1DiMuonHighMassDecision_TIS,Trigger Independent of Signal (TIS) flag for MuNuR Hlt1DiMuonHighMassDecision
MuNuR_Hlt1DiMuonHighMassDecision_TOS,Trigger on Signal (TOS) flag for MuNuR Hlt1DiMuonHighMassDecision
MuNuR_Hlt1DiMuonLowMassDecision_TIS,Trigger Independent of Signal (TIS) flag for MuNuR Hlt1DiMuonLowMassDecision
MuNuR_Hlt1DiMuonLowMassDecision_TOS,Trigger on Signal (TOS) flag for MuNuR Hlt1DiMuonLowMassDecision
MuNuR_Hlt1DiMuonNoIPDecision_TIS,Trigger Independent of Signal (TIS) flag for MuNuR Hlt1DiMuonNoIPDecision
MuNuR_Hlt1DiMuonNoIPDecision_TOS,Trigger on Signal (TOS) flag for MuNuR Hlt1DiMuonNoIPDecision
MuNuR_Hlt1DiMuonNoIP_SSDecision_TIS,Trigger Independent of Signal (TIS) flag for MuNuR Hlt1DiMuonNoIP SSDecision
MuNuR_Hlt1DiMuonNoIP_SSDecision_TOS,Trigger on Signal (TOS) flag for MuNuR Hlt1DiMuonNoIP SSDecision
MuNuR_Hlt1DiMuonSoftDecision_TIS,Trigger Independent of Signal (TIS) flag for MuNuR Hlt1DiMuonSoftDecision
MuNuR_Hlt1DiMuonSoftDecision_TOS,Trigger on Signal (TOS) flag for MuNuR Hlt1DiMuonSoftDecision
MuNuR_Hlt1GlobalDecision_TIS,Trigger Independent of Signal (TIS) flag for MuNuR Hlt1GlobalDecision
MuNuR_Hlt1GlobalDecision_TOS,Trigger on Signal (TOS) flag for MuNuR Hlt1GlobalDecision
MuNuR_Hlt1LowPtDiMuonDecision_TIS,Trigger Independent of Signal (TIS) flag for MuNuR Hlt1LowPtDiMuonDecision
MuNuR_Hlt1LowPtDiMuonDecision_TOS,Trigger on Signal (TOS) flag for MuNuR Hlt1LowPtDiMuonDecision
MuNuR_Hlt1LowPtMuonDecision_TIS,Trigger Independent of Signal (TIS) flag for MuNuR Hlt1LowPtMuonDecision
MuNuR_Hlt1LowPtMuonDecision_TOS,Trigger on Signal (TOS) flag for MuNuR Hlt1LowPtMuonDecision
MuNuR_Hlt1PhysDecision_TIS,Trigger Independent of Signal (TIS) flag for MuNuR Hlt1PhysDecision
MuNuR_Hlt1PhysDecision_TOS,Trigger on Signal (TOS) flag for MuNuR Hlt1PhysDecision
MuNuR_Hlt1SingleHighPtMuonDecision_TIS,Trigger Independent of Signal (TIS) flag for MuNuR Hlt1SingleHighPtMuonDecision
MuNuR_Hlt1SingleHighPtMuonDecision_TOS,Trigger on Signal (TOS) flag for MuNuR Hlt1SingleHighPtMuonDecision
MuNuR_Hlt1TrackMVADecision_TIS,Trigger Independent of Signal (TIS) flag for MuNuR Hlt1TrackMVADecision
MuNuR_Hlt1TrackMVADecision_TOS,Trigger on Signal (TOS) flag for MuNuR Hlt1TrackMVADecision
MuNuR_Hlt1TrackMuonMVADecisionHlt1TwoTrackMVADecision_TIS,Trigger Independent of Signal (TIS) flag for MuNuR Hlt1TrackMuonMVADecisionHlt1TwoTrackMVADecision
MuNuR_Hlt1TrackMuonMVADecisionHlt1TwoTrackMVADecision_TOS,Trigger on Signal (TOS) flag for MuNuR Hlt1TrackMuonMVADecisionHlt1TwoTrackMVADecision
MuNuR_Hlt1TrackMuonMVADecision_TIS,Trigger Independent of Signal (TIS) flag for MuNuR Hlt1TrackMuonMVADecision
MuNuR_Hlt1TrackMuonMVADecision_TOS,Trigger on Signal (TOS) flag for MuNuR Hlt1TrackMuonMVADecision
MuNuR_Hlt2QEE_DiJetIncSVTag_pT25M40FullDecision_TIS,Trigger Independent of Signal (TIS) flag for MuNuR Hlt2QEE DiJetIncSVTag pT25M40FullDecision
MuNuR_Hlt2QEE_DiJetIncSVTag_pT25M40FullDecision_TOS,Trigger on Signal (TOS) flag for MuNuR Hlt2QEE DiJetIncSVTag pT25M40FullDecision
MuNuR_Hlt2QEE_DiSVTagJet10GeVFullDecision_TIS,Trigger Independent of Signal (TIS) flag for MuNuR Hlt2QEE DiSVTagJet10GeVFullDecision
MuNuR_Hlt2QEE_DiSVTagJet10GeVFullDecision_TOS,Trigger on Signal (TOS) flag for MuNuR Hlt2QEE DiSVTagJet10GeVFullDecision
MuNuR_Hlt2QEE_DiSVTagJet15GeVFullDecision_TIS,Trigger Independent of Signal (TIS) flag for MuNuR Hlt2QEE DiSVTagJet15GeVFullDecision
MuNuR_Hlt2QEE_DiSVTagJet15GeVFullDecision_TOS,Trigger on Signal (TOS) flag for MuNuR Hlt2QEE DiSVTagJet15GeVFullDecision
MuNuR_Hlt2QEE_DiSVTagJet20GeVFullDecision_TIS,Trigger Independent of Signal (TIS) flag for MuNuR Hlt2QEE DiSVTagJet20GeVFullDecision
MuNuR_Hlt2QEE_DiSVTagJet20GeVFullDecision_TOS,Trigger on Signal (TOS) flag for MuNuR Hlt2QEE DiSVTagJet20GeVFullDecision
MuNuR_Hlt2QEE_DiSVTagJet25GeVFullDecision_TIS,Trigger Independent of Signal (TIS) flag for MuNuR Hlt2QEE DiSVTagJet25GeVFullDecision
MuNuR_Hlt2QEE_DiSVTagJet25GeVFullDecision_TOS,Trigger on Signal (TOS) flag for MuNuR Hlt2QEE DiSVTagJet25GeVFullDecision
MuNuR_Hlt2QEE_DiSVTagJet30GeVFullDecision_TIS,Trigger Independent of Signal (TIS) flag for MuNuR Hlt2QEE DiSVTagJet30GeVFullDecision
MuNuR_Hlt2QEE_DiSVTagJet30GeVFullDecision_TOS,Trigger on Signal (TOS) flag for MuNuR Hlt2QEE DiSVTagJet30GeVFullDecision
MuNuR_Hlt2QEE_DiSVTagJet35GeVFullDecision_TIS,Trigger Independent of Signal (TIS) flag for MuNuR Hlt2QEE DiSVTagJet35GeVFullDecision
MuNuR_Hlt2QEE_DiSVTagJet35GeVFullDecision_TOS,Trigger on Signal (TOS) flag for MuNuR Hlt2QEE DiSVTagJet35GeVFullDecision
MuNuR_Hlt2QEE_DiTopoTagJet10GeVFullDecision_TIS,Trigger Independent of Signal (TIS) flag for MuNuR Hlt2QEE DiTopoTagJet10GeVFullDecision
MuNuR_Hlt2QEE_DiTopoTagJet10GeVFullDecision_TOS,Trigger on Signal (TOS) flag for MuNuR Hlt2QEE DiTopoTagJet10GeVFullDecision
MuNuR_Hlt2QEE_DiTopoTagJet15GeVFullDecision_TIS,Trigger Independent of Signal (TIS) flag for MuNuR Hlt2QEE DiTopoTagJet15GeVFullDecision
MuNuR_Hlt2QEE_DiTopoTagJet15GeVFullDecision_TOS,Trigger on Signal (TOS) flag for MuNuR Hlt2QEE DiTopoTagJet15GeVFullDecision
MuNuR_Hlt2QEE_DiTopoTagJet20GeVFullDecision_TIS,Trigger Independent of Signal (TIS) flag for MuNuR Hlt2QEE DiTopoTagJet20GeVFullDecision
MuNuR_Hlt2QEE_DiTopoTagJet20GeVFullDecision_TOS,Trigger on Signal (TOS) flag for MuNuR Hlt2QEE DiTopoTagJet20GeVFullDecision
MuNuR_Hlt2QEE_DiTopoTagJet25GeVFullDecision_TIS,Trigger Independent of Signal (TIS) flag for MuNuR Hlt2QEE DiTopoTagJet25GeVFullDecision
MuNuR_Hlt2QEE_DiTopoTagJet25GeVFullDecision_TOS,Trigger on Signal (TOS) flag for MuNuR Hlt2QEE DiTopoTagJet25GeVFullDecision
MuNuR_Hlt2QEE_DiTopoTagJet30GeVFullDecision_TIS,Trigger Independent of Signal (TIS) flag for MuNuR Hlt2QEE DiTopoTagJet30GeVFullDecision
MuNuR_Hlt2QEE_DiTopoTagJet30GeVFullDecision_TOS,Trigger on Signal (TOS) flag for MuNuR Hlt2QEE DiTopoTagJet30GeVFullDecision
MuNuR_Hlt2QEE_DiTopoTagJet35GeVFullDecision_TIS,Trigger Independent of Signal (TIS) flag for MuNuR Hlt2QEE DiTopoTagJet35GeVFullDecision
MuNuR_Hlt2QEE_DiTopoTagJet35GeVFullDecision_TOS,Trigger on Signal (TOS) flag for MuNuR Hlt2QEE DiTopoTagJet35GeVFullDecision
MuNuR_Hlt2QEE_IncJet15GeVFullDecision_TIS,Trigger Independent of Signal (TIS) flag for MuNuR Hlt2QEE IncJet15GeVFullDecision
MuNuR_Hlt2QEE_IncJet15GeVFullDecision_TOS,Trigger on Signal (TOS) flag for MuNuR Hlt2QEE IncJet15GeVFullDecision
MuNuR_Hlt2QEE_IncJet25GeVFullDecision_TIS,Trigger Independent of Signal (TIS) flag for MuNuR Hlt2QEE IncJet25GeVFullDecision
MuNuR_Hlt2QEE_IncJet25GeVFullDecision_TOS,Trigger on Signal (TOS) flag for MuNuR Hlt2QEE IncJet25GeVFullDecision
MuNuR_Hlt2QEE_IncJet35GeVFullDecision_TIS,Trigger Independent of Signal (TIS) flag for MuNuR Hlt2QEE IncJet35GeVFullDecision
MuNuR_Hlt2QEE_IncJet35GeVFullDecision_TOS,Trigger on Signal (TOS) flag for MuNuR Hlt2QEE IncJet35GeVFullDecision
MuNuR_Hlt2QEE_IncJet45GeVFullDecision_TIS,Trigger Independent of Signal (TIS) flag for MuNuR Hlt2QEE IncJet45GeVFullDecision
MuNuR_Hlt2QEE_IncJet45GeVFullDecision_TOS,Trigger on Signal (TOS) flag for MuNuR Hlt2QEE IncJet45GeVFullDecision
MuNuR_Hlt2QEE_SingleHighPtElectronFullDecision_TIS,Trigger Independent of Signal (TIS) flag for MuNuR Hlt2QEE SingleHighPtElectronFullDecision
MuNuR_Hlt2QEE_SingleHighPtElectronFullDecision_TOS,Trigger on Signal (TOS) flag for MuNuR Hlt2QEE SingleHighPtElectronFullDecision
MuNuR_Hlt2QEE_SingleHighPtMuonFullDecision_TIS,Trigger Independent of Signal (TIS) flag for MuNuR Hlt2QEE SingleHighPtMuonFullDecision
MuNuR_Hlt2QEE_SingleHighPtMuonFullDecision_TOS,Trigger on Signal (TOS) flag for MuNuR Hlt2QEE SingleHighPtMuonFullDecision
MuNuR_Hlt2QEE_SingleHighPtMuonIsoFullDecision_TIS,Trigger Independent of Signal (TIS) flag for MuNuR Hlt2QEE SingleHighPtMuonIsoFullDecision
MuNuR_Hlt2QEE_SingleHighPtMuonIsoFullDecision_TOS,Trigger on Signal (TOS) flag for MuNuR Hlt2QEE SingleHighPtMuonIsoFullDecision
MuNuR_Hlt2QEE_SingleHighPtMuonNoMuIDFullDecision_TIS,Trigger Independent of Signal (TIS) flag for MuNuR Hlt2QEE SingleHighPtMuonNoMuIDFullDecision
MuNuR_Hlt2QEE_SingleHighPtMuonNoMuIDFullDecision_TOS,Trigger on Signal (TOS) flag for MuNuR Hlt2QEE SingleHighPtMuonNoMuIDFullDecision
MuNuR_Hlt2QEE_SingleVHighPtElectronFullDecision_TIS,Trigger Independent of Signal (TIS) flag for MuNuR Hlt2QEE SingleVHighPtElectronFullDecision
MuNuR_Hlt2QEE_SingleVHighPtElectronFullDecision_TOS,Trigger on Signal (TOS) flag for MuNuR Hlt2QEE SingleVHighPtElectronFullDecision
MuNuR_Hlt2QEE_ZToMuMu_DoubleNoMuIDFullDecision_TIS,Trigger Independent of Signal (TIS) flag for MuNuR Hlt2QEE ZToMuMu DoubleNoMuIDFullDecision
MuNuR_Hlt2QEE_ZToMuMu_DoubleNoMuIDFullDecision_TOS,Trigger on Signal (TOS) flag for MuNuR Hlt2QEE ZToMuMu DoubleNoMuIDFullDecision
MuNuR_Hlt2QEE_ZToMuMu_SingleNoMuIDFullDecision_TIS,Trigger Independent of Signal (TIS) flag for MuNuR Hlt2QEE ZToMuMu SingleNoMuIDFullDecision
MuNuR_Hlt2QEE_ZToMuMu_SingleNoMuIDFullDecision_TOS,Trigger on Signal (TOS) flag for MuNuR Hlt2QEE ZToMuMu SingleNoMuIDFullDecision
MuNuR_ID,Particle ID of a Particle or MCParticle.
MuNuR_INBREM,In Brem acceptance
MuNuR_INECAL,In Ecal acceptance
MuNuR_INHCAL,In Hcal acceptance
MuNuR_INMUON,InAcceptance. Functor’s call operator expects a particle-like object.
MuNuR_ISCLONE,Track flag contains Clone; Return contained value of optional or specified default if optional is empty
MuNuR_ISDOWNSTREAM,Track type is Downstream; Return contained value of optional or specified default if optional is empty
MuNuR_ISLONG,Track type is Long; Return contained value of optional or specified default if optional is empty
MuNuR_ISMUON,IsMuon. Functor’s call operator expects a particle-like object.
MuNuR_ISMUONTIGHT,IsMuonTight. Functor’s call operator expects a particle-like object.
MuNuR_ISTTRACK,Track type is Ttrack; Return contained value of optional or specified default if optional is empty
MuNuR_ISUPSTREAM,Track type is Upstream; Return contained value of optional or specified default if optional is empty
MuNuR_ISVELO,Track type is Velo; Return contained value of optional or specified default if optional is empty
MuNuR_Key,Key of the KeyedObject.
MuNuR_M,Get the particle (composite or basic) mass.
MuNuR_MINIP,Miniumum impact parameter with respect to the given vertices.
MuNuR_MINIPCHI2,Miniumum impact parameter chi2 with respect to the given vertices.
MuNuR_NFTHITS,Number of FT hits.; Return contained value of optional or specified default if optional is empty
MuNuR_NFTHOLES,Return number of holes in SciFi of track as defined by HitPattern; Return contained value of optional or specified default if optional is empty
MuNuR_NHITS,Track number of hits.; Return contained value of optional or specified default if optional is empty
MuNuR_NUTHITS,Number of UT hits.; Return contained value of optional or specified default if optional is empty
MuNuR_NVPHITS,Number of VP hits.; Return contained value of optional or specified default if optional is empty
MuNuR_NVPHITSA,Return number of hits in VELO A-side; Return contained value of optional or specified default if optional is empty
MuNuR_NVPHITSC,Return number of hits in VELO C-side; Return contained value of optional or specified default if optional is empty
MuNuR_NVPHOLES,Return number of holes in VELO of track as defined by HitPattern; Return contained value of optional or specified default if optional is empty
MuNuR_NVPLAYERS,Return number of VELO layers of track as defined by HitPattern; Return contained value of optional or specified default if optional is empty
MuNuR_OWNPVIP,Impact parameter with respect to the OWNPV()
MuNuR_OWNPVIPCHI2,Impact parameter chi2 with respect to the OWNPV()
MuNuR_OWNPVNDOF,Number of degrees of freedom [for chi2]; Return contained value of optional or specified default if optional is empty
MuNuR_OWNPVX,X-coordinate of the PV associated to the particle
MuNuR_OWNPVY,Y-coordinate of the PV associated to the particle
MuNuR_OWNPVZ,Z-coordinate of the PV associated to the particle
MuNuR_P,Get the magnitude of the momentum vector (see THREEMOMENTUM() for definition).
MuNuR_PARTICLE_ID,Particle ID (PDG code)
MuNuR_PHI,Get the phi coordinate of a slope (see SLOPES() for definition).
MuNuR_PIDK,Gives measure of the kaon mass hypothesis relative to the pion hypotesis.
MuNuR_PIDPi,CombDLLpi. Should be peaked at zero.
MuNuR_PIDe,Gives measure of the electron mass hypothesis relative to the pion hypotesis.
MuNuR_PIDmu,Gives measure of the muon mass hypothesis relative to the pion hypotesis.
MuNuR_PIDp,Gives measure of the proton mass hypothesis relative to the pion hypotesis.
MuNuR_POSITION_STATEAT_FirstMeasurement_X,X position at first measurement state
MuNuR_POSITION_STATEAT_FirstMeasurement_Y,Y position at first measurement state
MuNuR_POSITION_STATEAT_FirstMeasurement_Z,Z position at first measurement state
MuNuR_POSITION_STATEAT_LastMeasurement_X,X position at last measurement state
MuNuR_POSITION_STATEAT_LastMeasurement_Y,Y position at last measurement state
MuNuR_POSITION_STATEAT_LastMeasurement_Z,Z position at last measurement state
MuNuR_PPHASRICH,ProtoParticle has RICH info; Return contained value of optional or specified default if optional is empty
MuNuR_PROBNN_D,MVA probability for deuteron hypothesis
MuNuR_PROBNN_E,MVA probability for electron hypothesis
MuNuR_PROBNN_GHOST,MVA probability for ghost track hypothesis
MuNuR_PROBNN_K,MVA probability for kaon hypothesis
MuNuR_PROBNN_MU,MVA probability for muon hypothesis
MuNuR_PROBNN_P,MVA probability for proton hypothesis
MuNuR_PROBNN_PI,MVA probability for pion hypothesis
MuNuR_PT,Get the transverse momentum (see THREEMOMENTUM() for definition).
MuNuR_PX,Get the X-coordinate of the momentum (see THREEMOMENTUM() for definition).
MuNuR_PY,Get the Y-coordinate of the momentum (see THREEMOMENTUM() for definition).
MuNuR_PZ,Get the Z-coordinate of the momentum (see THREEMOMENTUM() for definition).
MuNuR_Q,Compute the charge
MuNuR_QOVERP,q/p
MuNuR_THETA,Get the theta coordinate of a slope (see SLOPES() for definition).
MuNuR_TRACKHAST,"Returns True if track has hits in T stations, False otherwise; Return contained value of optional or specified default if optional is empty"
MuNuR_TRACKHASUT,"Returns True if track has hits in UT detector, False otherwise; Return contained value of optional or specified default if optional is empty"
MuNuR_TRACKHASVELO,"Returns True if track has hits in Velo, False otherwise; Return contained value of optional or specified default if optional is empty"
MuNuR_TRACKHISTORY,ComposedBoundFunctor:; Return contained value of optional or specified default if optional is empty
MuNuR_TRACKPT,Get the transverse momentum of a track (see TRACK() for definition)
MuNuR_TRCHI2,Vertex or track chi^2.
MuNuR_TRCHI2DOF,Vertex or track chi^2 per degrees of freedom.
MuNuR_TRNDOF,Number of degrees of freedom [for chi2]; Return contained value of optional or specified default if optional is empty
MuNuR_TX,Get the X-coordinate of the slope (see SLOPES() for definition).
MuNuR_TY,Get the Y-coordinate of the slope (see SLOPES() for definition).
MuNuR_log_P,Get the magnitude of the momentum vector (see THREEMOMENTUM() for definition).
MuNuR_log_PT,Get the transverse momentum (see THREEMOMENTUM() for definition).
Mu_ALLPV_IP,Impact parameter with respect to all primary vertices
Mu_ALLPV_IPCHI2,Impact parameter chi2 with respect to all primary vertices
Mu_BREMBENDCORR,Correction factor accounting for bending biases in track due to brem
Mu_BREMENERGY,Brem momentum-recovery energy
Mu_BREMHYPOAREA,Area code of brem CaloHypo CellID
Mu_BREMHYPOCOL,Column code of brem CaloHypo CellID
Mu_BREMHYPODELTAX,Test statistic of being first-state like of CaloHypo (photon) for brem recovery
Mu_BREMHYPOENERGY,Energy of CaloHypo (photon) associated to track for brem recovery
Mu_BREMHYPOID,All significant bits representation of CellID (32bits) for CaloHypo (photon) associated to track for brem recovery
Mu_BREMHYPOMATCH_CHI2,2D chi2 of CaloHypo (photon) associated to track for brem recovery
Mu_BREMHYPOROW,Row code of brem CaloHypo CellID
Mu_BREMPIDE,Brem-based DLL for electron-ID
Mu_BREMTRACKBASEDENERGY,Track-based brem energy determination
Mu_CLUSTERAREA,Area code of best matching cluster CellID
Mu_CLUSTERCOL,Column code of best matching cluster CellID
Mu_CLUSTERID,CellID.all() of the best matching cluster for a given reconstructed track
Mu_CLUSTERMATCH_CHI2,CaloID estimator: 2D chi2 for Track/CaloCluster matching (neutral + charged)
Mu_CLUSTERROW,Row code of best matching cluster CellID
Mu_CaloClusterMass,Retrieve the CALO cluster mass obtained from MergedPi0Alg
Mu_CaloNeutral1To9EnergyRatio,Fraction of highest E cell (seed) to 9 (3x3) cells forming the cluster
Mu_CaloNeutral4To9EnergyRatio,Fraction of highest 2x2 cell (seed) to 9 (3x3) cells forming the cluster
Mu_CaloNeutralArea,Retrieve area code of neutral CaloHypo CellID
Mu_CaloNeutralCol,Retrieve column code of neutral CaloHypo CellID
Mu_CaloNeutralEcalEnergy,Retrieve the ECAL cluster energy associated to the neutral CaloHypo
Mu_CaloNeutralHcal2EcalEnergyRatio,Retrieve the HCAL/ECAL energy ratio associated to the neutral CaloHypo
Mu_CaloNeutralID,Retrieve bitwise information (32bits) of all CALO neutral seed CellIDs
Mu_CaloNeutralRow,Retrieve row code of neutral CaloHypo CellID
Mu_CaloNeutralShowerShape,CaloID estimator: 2nd order moment of the cluster (shower width)
Mu_CaloNumSaturatedCells,Number of saturated cells in calorimeter
Mu_CaloTrackMatchChi2,Chi2 of track-calorimeter cluster match
Mu_E,Get the energy (see FOURMOMENTUM() for definition).
Mu_ECALPIDE,Ecal-based DLL for electron-ID
Mu_ECALPIDMU,Ecal-based DLL for mu-ID
Mu_ELECTRONAREA,Area code of electron CaloHypo CellID
Mu_ELECTRONCOL,Column code of electron CaloHypo CellID
Mu_ELECTRONENERGY,Cluster energy associated to CaloHypo (charged electron)
Mu_ELECTRONID,All significant bits representation of CellID (32bits) associated to CaloHypo seed (electron hypo)
Mu_ELECTRONMATCH_CHI2,CaloID estimator: 3D chi2 for Track/CaloHypo(e) matching (charged)
Mu_ELECTRONROW,Row code of electron CaloHypo CellID
Mu_ELECTRONSHOWERDLL,Summed per-cell E/p DLL (electron versus pion) with track-based cell selection
Mu_ELECTRONSHOWEREOP,Electron energy/momentum with track-based cell selection
Mu_ETA,Get the eta (pseudorapidity) coordinate of a slope (see SLOPES() for definition).
Mu_GHOSTPROB,Track ghost probability (see TRACK() for definition).
Mu_HASBREM,Has non-zero brem momentum-recovery energy
Mu_HASBREMADDED,Has non-zero brem momentum-recovery energy added (using Particle class flag)
Mu_HCALEOP,Hcal energy deposit over momentum (track)
Mu_HCALPIDE,Hcal-based DLL for electron-ID
Mu_HCALPIDMU,Hcal-based DLL for mu-ID
Mu_Hlt1DiMuonHighMassDecision_TIS,Trigger Independent of Signal (TIS) flag for Mu Hlt1DiMuonHighMassDecision
Mu_Hlt1DiMuonHighMassDecision_TOS,Trigger on Signal (TOS) flag for Mu Hlt1DiMuonHighMassDecision
Mu_Hlt1DiMuonLowMassDecision_TIS,Trigger Independent of Signal (TIS) flag for Mu Hlt1DiMuonLowMassDecision
Mu_Hlt1DiMuonLowMassDecision_TOS,Trigger on Signal (TOS) flag for Mu Hlt1DiMuonLowMassDecision
Mu_Hlt1DiMuonNoIPDecision_TIS,Trigger Independent of Signal (TIS) flag for Mu Hlt1DiMuonNoIPDecision
Mu_Hlt1DiMuonNoIPDecision_TOS,Trigger on Signal (TOS) flag for Mu Hlt1DiMuonNoIPDecision
Mu_Hlt1DiMuonNoIP_SSDecision_TIS,Trigger Independent of Signal (TIS) flag for Mu Hlt1DiMuonNoIP SSDecision
Mu_Hlt1DiMuonNoIP_SSDecision_TOS,Trigger on Signal (TOS) flag for Mu Hlt1DiMuonNoIP SSDecision
Mu_Hlt1DiMuonSoftDecision_TIS,Trigger Independent of Signal (TIS) flag for Mu Hlt1DiMuonSoftDecision
Mu_Hlt1DiMuonSoftDecision_TOS,Trigger on Signal (TOS) flag for Mu Hlt1DiMuonSoftDecision
Mu_Hlt1GlobalDecision_TIS,Trigger Independent of Signal (TIS) flag for Mu Hlt1GlobalDecision
Mu_Hlt1GlobalDecision_TOS,Trigger on Signal (TOS) flag for Mu Hlt1GlobalDecision
Mu_Hlt1LowPtDiMuonDecision_TIS,Trigger Independent of Signal (TIS) flag for Mu Hlt1LowPtDiMuonDecision
Mu_Hlt1LowPtDiMuonDecision_TOS,Trigger on Signal (TOS) flag for Mu Hlt1LowPtDiMuonDecision
Mu_Hlt1LowPtMuonDecision_TIS,Trigger Independent of Signal (TIS) flag for Mu Hlt1LowPtMuonDecision
Mu_Hlt1LowPtMuonDecision_TOS,Trigger on Signal (TOS) flag for Mu Hlt1LowPtMuonDecision
Mu_Hlt1PhysDecision_TIS,Trigger Independent of Signal (TIS) flag for Mu Hlt1PhysDecision
Mu_Hlt1PhysDecision_TOS,Trigger on Signal (TOS) flag for Mu Hlt1PhysDecision
Mu_Hlt1SingleHighPtMuonDecision_TIS,Trigger Independent of Signal (TIS) flag for Mu Hlt1SingleHighPtMuonDecision
Mu_Hlt1SingleHighPtMuonDecision_TOS,Trigger on Signal (TOS) flag for Mu Hlt1SingleHighPtMuonDecision
Mu_Hlt1TrackMVADecision_TIS,Trigger Independent of Signal (TIS) flag for Mu Hlt1TrackMVADecision
Mu_Hlt1TrackMVADecision_TOS,Trigger on Signal (TOS) flag for Mu Hlt1TrackMVADecision
Mu_Hlt1TrackMuonMVADecisionHlt1TwoTrackMVADecision_TIS,Trigger Independent of Signal (TIS) flag for Mu Hlt1TrackMuonMVADecisionHlt1TwoTrackMVADecision
Mu_Hlt1TrackMuonMVADecisionHlt1TwoTrackMVADecision_TOS,Trigger on Signal (TOS) flag for Mu Hlt1TrackMuonMVADecisionHlt1TwoTrackMVADecision
Mu_Hlt1TrackMuonMVADecision_TIS,Trigger Independent of Signal (TIS) flag for Mu Hlt1TrackMuonMVADecision
Mu_Hlt1TrackMuonMVADecision_TOS,Trigger on Signal (TOS) flag for Mu Hlt1TrackMuonMVADecision
Mu_Hlt2QEE_DiJetIncSVTag_pT25M40FullDecision_TIS,Trigger Independent of Signal (TIS) flag for Mu Hlt2QEE DiJetIncSVTag pT25M40FullDecision
Mu_Hlt2QEE_DiJetIncSVTag_pT25M40FullDecision_TOS,Trigger on Signal (TOS) flag for Mu Hlt2QEE DiJetIncSVTag pT25M40FullDecision
Mu_Hlt2QEE_DiSVTagJet10GeVFullDecision_TIS,Trigger Independent of Signal (TIS) flag for Mu Hlt2QEE DiSVTagJet10GeVFullDecision
Mu_Hlt2QEE_DiSVTagJet10GeVFullDecision_TOS,Trigger on Signal (TOS) flag for Mu Hlt2QEE DiSVTagJet10GeVFullDecision
Mu_Hlt2QEE_DiSVTagJet15GeVFullDecision_TIS,Trigger Independent of Signal (TIS) flag for Mu Hlt2QEE DiSVTagJet15GeVFullDecision
Mu_Hlt2QEE_DiSVTagJet15GeVFullDecision_TOS,Trigger on Signal (TOS) flag for Mu Hlt2QEE DiSVTagJet15GeVFullDecision
Mu_Hlt2QEE_DiSVTagJet20GeVFullDecision_TIS,Trigger Independent of Signal (TIS) flag for Mu Hlt2QEE DiSVTagJet20GeVFullDecision
Mu_Hlt2QEE_DiSVTagJet20GeVFullDecision_TOS,Trigger on Signal (TOS) flag for Mu Hlt2QEE DiSVTagJet20GeVFullDecision
Mu_Hlt2QEE_DiSVTagJet25GeVFullDecision_TIS,Trigger Independent of Signal (TIS) flag for Mu Hlt2QEE DiSVTagJet25GeVFullDecision
Mu_Hlt2QEE_DiSVTagJet25GeVFullDecision_TOS,Trigger on Signal (TOS) flag for Mu Hlt2QEE DiSVTagJet25GeVFullDecision
Mu_Hlt2QEE_DiSVTagJet30GeVFullDecision_TIS,Trigger Independent of Signal (TIS) flag for Mu Hlt2QEE DiSVTagJet30GeVFullDecision
Mu_Hlt2QEE_DiSVTagJet30GeVFullDecision_TOS,Trigger on Signal (TOS) flag for Mu Hlt2QEE DiSVTagJet30GeVFullDecision
Mu_Hlt2QEE_DiSVTagJet35GeVFullDecision_TIS,Trigger Independent of Signal (TIS) flag for Mu Hlt2QEE DiSVTagJet35GeVFullDecision
Mu_Hlt2QEE_DiSVTagJet35GeVFullDecision_TOS,Trigger on Signal (TOS) flag for Mu Hlt2QEE DiSVTagJet35GeVFullDecision
Mu_Hlt2QEE_DiTopoTagJet10GeVFullDecision_TIS,Trigger Independent of Signal (TIS) flag for Mu Hlt2QEE DiTopoTagJet10GeVFullDecision
Mu_Hlt2QEE_DiTopoTagJet10GeVFullDecision_TOS,Trigger on Signal (TOS) flag for Mu Hlt2QEE DiTopoTagJet10GeVFullDecision
Mu_Hlt2QEE_DiTopoTagJet15GeVFullDecision_TIS,Trigger Independent of Signal (TIS) flag for Mu Hlt2QEE DiTopoTagJet15GeVFullDecision
Mu_Hlt2QEE_DiTopoTagJet15GeVFullDecision_TOS,Trigger on Signal (TOS) flag for Mu Hlt2QEE DiTopoTagJet15GeVFullDecision
Mu_Hlt2QEE_DiTopoTagJet20GeVFullDecision_TIS,Trigger Independent of Signal (TIS) flag for Mu Hlt2QEE DiTopoTagJet20GeVFullDecision
Mu_Hlt2QEE_DiTopoTagJet20GeVFullDecision_TOS,Trigger on Signal (TOS) flag for Mu Hlt2QEE DiTopoTagJet20GeVFullDecision
Mu_Hlt2QEE_DiTopoTagJet25GeVFullDecision_TIS,Trigger Independent of Signal (TIS) flag for Mu Hlt2QEE DiTopoTagJet25GeVFullDecision
Mu_Hlt2QEE_DiTopoTagJet25GeVFullDecision_TOS,Trigger on Signal (TOS) flag for Mu Hlt2QEE DiTopoTagJet25GeVFullDecision
Mu_Hlt2QEE_DiTopoTagJet30GeVFullDecision_TIS,Trigger Independent of Signal (TIS) flag for Mu Hlt2QEE DiTopoTagJet30GeVFullDecision
Mu_Hlt2QEE_DiTopoTagJet30GeVFullDecision_TOS,Trigger on Signal (TOS) flag for Mu Hlt2QEE DiTopoTagJet30GeVFullDecision
Mu_Hlt2QEE_DiTopoTagJet35GeVFullDecision_TIS,Trigger Independent of Signal (TIS) flag for Mu Hlt2QEE DiTopoTagJet35GeVFullDecision
Mu_Hlt2QEE_DiTopoTagJet35GeVFullDecision_TOS,Trigger on Signal (TOS) flag for Mu Hlt2QEE DiTopoTagJet35GeVFullDecision
Mu_Hlt2QEE_IncJet15GeVFullDecision_TIS,Trigger Independent of Signal (TIS) flag for Mu Hlt2QEE IncJet15GeVFullDecision
Mu_Hlt2QEE_IncJet15GeVFullDecision_TOS,Trigger on Signal (TOS) flag for Mu Hlt2QEE IncJet15GeVFullDecision
Mu_Hlt2QEE_IncJet25GeVFullDecision_TIS,Trigger Independent of Signal (TIS) flag for Mu Hlt2QEE IncJet25GeVFullDecision
Mu_Hlt2QEE_IncJet25GeVFullDecision_TOS,Trigger on Signal (TOS) flag for Mu Hlt2QEE IncJet25GeVFullDecision
Mu_Hlt2QEE_IncJet35GeVFullDecision_TIS,Trigger Independent of Signal (TIS) flag for Mu Hlt2QEE IncJet35GeVFullDecision
Mu_Hlt2QEE_IncJet35GeVFullDecision_TOS,Trigger on Signal (TOS) flag for Mu Hlt2QEE IncJet35GeVFullDecision
Mu_Hlt2QEE_IncJet45GeVFullDecision_TIS,Trigger Independent of Signal (TIS) flag for Mu Hlt2QEE IncJet45GeVFullDecision
Mu_Hlt2QEE_IncJet45GeVFullDecision_TOS,Trigger on Signal (TOS) flag for Mu Hlt2QEE IncJet45GeVFullDecision
Mu_Hlt2QEE_SingleHighPtElectronFullDecision_TIS,Trigger Independent of Signal (TIS) flag for Mu Hlt2QEE SingleHighPtElectronFullDecision
Mu_Hlt2QEE_SingleHighPtElectronFullDecision_TOS,Trigger on Signal (TOS) flag for Mu Hlt2QEE SingleHighPtElectronFullDecision
Mu_Hlt2QEE_SingleHighPtMuonFullDecision_TIS,Trigger Independent of Signal (TIS) flag for Mu Hlt2QEE SingleHighPtMuonFullDecision
Mu_Hlt2QEE_SingleHighPtMuonFullDecision_TOS,Trigger on Signal (TOS) flag for Mu Hlt2QEE SingleHighPtMuonFullDecision
Mu_Hlt2QEE_SingleHighPtMuonIsoFullDecision_TIS,Trigger Independent of Signal (TIS) flag for Mu Hlt2QEE SingleHighPtMuonIsoFullDecision
Mu_Hlt2QEE_SingleHighPtMuonIsoFullDecision_TOS,Trigger on Signal (TOS) flag for Mu Hlt2QEE SingleHighPtMuonIsoFullDecision
Mu_Hlt2QEE_SingleHighPtMuonNoMuIDFullDecision_TIS,Trigger Independent of Signal (TIS) flag for Mu Hlt2QEE SingleHighPtMuonNoMuIDFullDecision
Mu_Hlt2QEE_SingleHighPtMuonNoMuIDFullDecision_TOS,Trigger on Signal (TOS) flag for Mu Hlt2QEE SingleHighPtMuonNoMuIDFullDecision
Mu_Hlt2QEE_SingleVHighPtElectronFullDecision_TIS,Trigger Independent of Signal (TIS) flag for Mu Hlt2QEE SingleVHighPtElectronFullDecision
Mu_Hlt2QEE_SingleVHighPtElectronFullDecision_TOS,Trigger on Signal (TOS) flag for Mu Hlt2QEE SingleVHighPtElectronFullDecision
Mu_Hlt2QEE_ZToMuMu_DoubleNoMuIDFullDecision_TIS,Trigger Independent of Signal (TIS) flag for Mu Hlt2QEE ZToMuMu DoubleNoMuIDFullDecision
Mu_Hlt2QEE_ZToMuMu_DoubleNoMuIDFullDecision_TOS,Trigger on Signal (TOS) flag for Mu Hlt2QEE ZToMuMu DoubleNoMuIDFullDecision
Mu_Hlt2QEE_ZToMuMu_SingleNoMuIDFullDecision_TIS,Trigger Independent of Signal (TIS) flag for Mu Hlt2QEE ZToMuMu SingleNoMuIDFullDecision
Mu_Hlt2QEE_ZToMuMu_SingleNoMuIDFullDecision_TOS,Trigger on Signal (TOS) flag for Mu Hlt2QEE ZToMuMu SingleNoMuIDFullDecision
Mu_ID,Particle ID of a Particle or MCParticle.
Mu_INBREM,In Brem acceptance
Mu_INECAL,In Ecal acceptance
Mu_INHCAL,In Hcal acceptance
Mu_INMUON,InAcceptance. Functor’s call operator expects a particle-like object.
Mu_ISCLONE,Track flag contains Clone; Return contained value of optional or specified default if optional is empty
Mu_ISDOWNSTREAM,Track type is Downstream; Return contained value of optional or specified default if optional is empty
Mu_ISLONG,Track type is Long; Return contained value of optional or specified default if optional is empty
Mu_ISMUON,IsMuon. Functor’s call operator expects a particle-like object.
Mu_ISMUONTIGHT,IsMuonTight. Functor’s call operator expects a particle-like object.
Mu_ISTTRACK,Track type is Ttrack; Return contained value of optional or specified default if optional is empty
Mu_ISUPSTREAM,Track type is Upstream; Return contained value of optional or specified default if optional is empty
Mu_ISVELO,Track type is Velo; Return contained value of optional or specified default if optional is empty
Mu_Key,Key of the KeyedObject.
Mu_M,Get the particle (composite or basic) mass.
Mu_MINIP,Miniumum impact parameter with respect to the given vertices.
Mu_MINIPCHI2,Miniumum impact parameter chi2 with respect to the given vertices.
Mu_NFTHITS,Number of FT hits.; Return contained value of optional or specified default if optional is empty
Mu_NFTHOLES,Return number of holes in SciFi of track as defined by HitPattern; Return contained value of optional or specified default if optional is empty
Mu_NHITS,Track number of hits.; Return contained value of optional or specified default if optional is empty
Mu_NUTHITS,Number of UT hits.; Return contained value of optional or specified default if optional is empty
Mu_NVPHITS,Number of VP hits.; Return contained value of optional or specified default if optional is empty
Mu_NVPHITSA,Return number of hits in VELO A-side; Return contained value of optional or specified default if optional is empty
Mu_NVPHITSC,Return number of hits in VELO C-side; Return contained value of optional or specified default if optional is empty
Mu_NVPHOLES,Return number of holes in VELO of track as defined by HitPattern; Return contained value of optional or specified default if optional is empty
Mu_NVPLAYERS,Return number of VELO layers of track as defined by HitPattern; Return contained value of optional or specified default if optional is empty
Mu_OWNPVIP,Impact parameter with respect to the OWNPV()
Mu_OWNPVIPCHI2,Impact parameter chi2 with respect to the OWNPV()
Mu_OWNPVNDOF,Number of degrees of freedom [for chi2]; Return contained value of optional or specified default if optional is empty
Mu_OWNPVX,X-coordinate of the PV associated to the particle
Mu_OWNPVY,Y-coordinate of the PV associated to the particle
Mu_OWNPVZ,Z-coordinate of the PV associated to the particle
Mu_P,Get the magnitude of the momentum vector (see THREEMOMENTUM() for definition).
Mu_PARTICLE_ID,Particle ID (PDG code)
Mu_PHI,Get the phi coordinate of a slope (see SLOPES() for definition).
Mu_PIDK,Gives measure of the kaon mass hypothesis relative to the pion hypotesis.
Mu_PIDPi,CombDLLpi. Should be peaked at zero.
Mu_PIDe,Gives measure of the electron mass hypothesis relative to the pion hypotesis.
Mu_PIDmu,Gives measure of the muon mass hypothesis relative to the pion hypotesis.
Mu_PIDp,Gives measure of the proton mass hypothesis relative to the pion hypotesis.
Mu_POSITION_STATEAT_FirstMeasurement_X,X position at first measurement state
Mu_POSITION_STATEAT_FirstMeasurement_Y,Y position at first measurement state
Mu_POSITION_STATEAT_FirstMeasurement_Z,Z position at first measurement state
Mu_POSITION_STATEAT_LastMeasurement_X,X position at last measurement state
Mu_POSITION_STATEAT_LastMeasurement_Y,Y position at last measurement state
Mu_POSITION_STATEAT_LastMeasurement_Z,Z position at last measurement state
Mu_PPHASRICH,ProtoParticle has RICH info; Return contained value of optional or specified default if optional is empty
Mu_PROBNN_D,MVA probability for deuteron hypothesis
Mu_PROBNN_E,MVA probability for electron hypothesis
Mu_PROBNN_GHOST,MVA probability for ghost track hypothesis
Mu_PROBNN_K,MVA probability for kaon hypothesis
Mu_PROBNN_MU,MVA probability for muon hypothesis
Mu_PROBNN_P,MVA probability for proton hypothesis
Mu_PROBNN_PI,MVA probability for pion hypothesis
Mu_PT,Get the transverse momentum (see THREEMOMENTUM() for definition).
Mu_PX,Get the X-coordinate of the momentum (see THREEMOMENTUM() for definition).
Mu_PY,Get the Y-coordinate of the momentum (see THREEMOMENTUM() for definition).
Mu_PZ,Get the Z-coordinate of the momentum (see THREEMOMENTUM() for definition).
Mu_Q,Compute the charge
Mu_QOVERP,q/p
Mu_THETA,Get the theta coordinate of a slope (see SLOPES() for definition).
Mu_TRACKHAST,"Returns True if track has hits in T stations, False otherwise; Return contained value of optional or specified default if optional is empty"
Mu_TRACKHASUT,"Returns True if track has hits in UT detector, False otherwise; Return contained value of optional or specified default if optional is empty"
Mu_TRACKHASVELO,"Returns True if track has hits in Velo, False otherwise; Return contained value of optional or specified default if optional is empty"
Mu_TRACKHISTORY,ComposedBoundFunctor:; Return contained value of optional or specified default if optional is empty
Mu_TRACKPT,Get the transverse momentum of a track (see TRACK() for definition)
Mu_TRCHI2,Vertex or track chi^2.
Mu_TRCHI2DOF,Vertex or track chi^2 per degrees of freedom.
Mu_TRNDOF,Number of degrees of freedom [for chi2]; Return contained value of optional or specified default if optional is empty
Mu_TX,Get the X-coordinate of the slope (see SLOPES() for definition).
Mu_TY,Get the Y-coordinate of the slope (see SLOPES() for definition).
Mu_log_P,Get the magnitude of the momentum vector (see THREEMOMENTUM() for definition).
Mu_log_PT,Get the transverse momentum (see THREEMOMENTUM() for definition).
NuR_ALLPV_FD,Flight distance with respect to all primary vertices
NuR_ALLPV_IP,Impact parameter with respect to all primary vertices
NuR_ALLPV_IPCHI2,Impact parameter chi2 with respect to all primary vertices
NuR_ALV,Compute the cosine value of angle between two decay products.
NuR_BPV_IPCHI2,Impact parameter Chi2 with respect to the BPV(). More precisely that means the difference in the chi2 of the PV fit (of the BPV) between including and excluding the object the function is called on.
NuR_BPV_LTIME,Lifetime with respect to the BPV()
NuR_BREMBENDCORR,Correction factor accounting for bending biases in track due to brem
NuR_BREMENERGY,Brem momentum-recovery energy
NuR_BREMHYPOAREA,Area code of brem CaloHypo CellID
NuR_BREMHYPOCOL,Column code of brem CaloHypo CellID
NuR_BREMHYPODELTAX,Test statistic of being first-state like of CaloHypo (photon) for brem recovery
NuR_BREMHYPOENERGY,Energy of CaloHypo (photon) associated to track for brem recovery
NuR_BREMHYPOID,All significant bits representation of CellID (32bits) for CaloHypo (photon) associated to track for brem recovery
NuR_BREMHYPOMATCH_CHI2,2D chi2 of CaloHypo (photon) associated to track for brem recovery
NuR_BREMHYPOROW,Row code of brem CaloHypo CellID
NuR_BREMPIDE,Brem-based DLL for electron-ID
NuR_BREMTRACKBASEDENERGY,Track-based brem energy determination
NuR_CLUSTERAREA,Area code of best matching cluster CellID
NuR_CLUSTERCOL,Column code of best matching cluster CellID
NuR_CLUSTERID,CellID.all() of the best matching cluster for a given reconstructed track
NuR_CLUSTERMATCH_CHI2,CaloID estimator: 2D chi2 for Track/CaloCluster matching (neutral + charged)
NuR_CLUSTERROW,Row code of best matching cluster CellID
NuR_CaloClusterMass,Retrieve the CALO cluster mass obtained from MergedPi0Alg
NuR_CaloNeutral1To9EnergyRatio,Fraction of highest E cell (seed) to 9 (3x3) cells forming the cluster
NuR_CaloNeutral4To9EnergyRatio,Fraction of highest 2x2 cell (seed) to 9 (3x3) cells forming the cluster
NuR_CaloNeutralArea,Retrieve area code of neutral CaloHypo CellID
NuR_CaloNeutralCol,Retrieve column code of neutral CaloHypo CellID
NuR_CaloNeutralEcalEnergy,Retrieve the ECAL cluster energy associated to the neutral CaloHypo
NuR_CaloNeutralHcal2EcalEnergyRatio,Retrieve the HCAL/ECAL energy ratio associated to the neutral CaloHypo
NuR_CaloNeutralID,Retrieve bitwise information (32bits) of all CALO neutral seed CellIDs
NuR_CaloNeutralRow,Retrieve row code of neutral CaloHypo CellID
NuR_CaloNeutralShowerShape,CaloID estimator: 2nd order moment of the cluster (shower width)
NuR_CaloNumSaturatedCells,Number of saturated cells in calorimeter
NuR_CaloTrackMatchChi2,Chi2 of track-calorimeter cluster match
NuR_DOCA12,
NuR_DOCA12CHI2,
NuR_E,Get the energy (see FOURMOMENTUM() for definition).
NuR_ECALPIDE,Ecal-based DLL for electron-ID
NuR_ECALPIDMU,Ecal-based DLL for mu-ID
NuR_ELECTRONAREA,Area code of electron CaloHypo CellID
NuR_ELECTRONCOL,Column code of electron CaloHypo CellID
NuR_ELECTRONENERGY,Cluster energy associated to CaloHypo (charged electron)
NuR_ELECTRONID,All significant bits representation of CellID (32bits) associated to CaloHypo seed (electron hypo)
NuR_ELECTRONMATCH_CHI2,CaloID estimator: 3D chi2 for Track/CaloHypo(e) matching (charged)
NuR_ELECTRONROW,Row code of electron CaloHypo CellID
NuR_ELECTRONSHOWERDLL,Summed per-cell E/p DLL (electron versus pion) with track-based cell selection
NuR_ELECTRONSHOWEREOP,Electron energy/momentum with track-based cell selection
NuR_END_VX,Get the X-coordinate of the ENDVERTEX() of a particle.
NuR_END_VY,Get the Y-coordinate of the ENDVERTEX() of a particle.
NuR_END_VZ,Get the Z–coordinate of the ENDVERTEX() of a particle.
NuR_ETA,Get the eta (pseudorapidity) coordinate of a slope (see SLOPES() for definition).
NuR_HASBREM,Has non-zero brem momentum-recovery energy
NuR_HASBREMADDED,Has non-zero brem momentum-recovery energy added (using Particle class flag)
NuR_HCALEOP,Hcal energy deposit over momentum (track)
NuR_HCALPIDE,Hcal-based DLL for electron-ID
NuR_HCALPIDMU,Hcal-based DLL for mu-ID
NuR_Hlt1DiMuonHighMassDecision_TIS,Trigger Independent of Signal (TIS) flag for NuR Hlt1DiMuonHighMassDecision
NuR_Hlt1DiMuonHighMassDecision_TOS,Trigger on Signal (TOS) flag for NuR Hlt1DiMuonHighMassDecision
NuR_Hlt1DiMuonLowMassDecision_TIS,Trigger Independent of Signal (TIS) flag for NuR Hlt1DiMuonLowMassDecision
NuR_Hlt1DiMuonLowMassDecision_TOS,Trigger on Signal (TOS) flag for NuR Hlt1DiMuonLowMassDecision
NuR_Hlt1DiMuonNoIPDecision_TIS,Trigger Independent of Signal (TIS) flag for NuR Hlt1DiMuonNoIPDecision
NuR_Hlt1DiMuonNoIPDecision_TOS,Trigger on Signal (TOS) flag for NuR Hlt1DiMuonNoIPDecision
NuR_Hlt1DiMuonNoIP_SSDecision_TIS,Trigger Independent of Signal (TIS) flag for NuR Hlt1DiMuonNoIP SSDecision
NuR_Hlt1DiMuonNoIP_SSDecision_TOS,Trigger on Signal (TOS) flag for NuR Hlt1DiMuonNoIP SSDecision
NuR_Hlt1DiMuonSoftDecision_TIS,Trigger Independent of Signal (TIS) flag for NuR Hlt1DiMuonSoftDecision
NuR_Hlt1DiMuonSoftDecision_TOS,Trigger on Signal (TOS) flag for NuR Hlt1DiMuonSoftDecision
NuR_Hlt1GlobalDecision_TIS,Trigger Independent of Signal (TIS) flag for NuR Hlt1GlobalDecision
NuR_Hlt1GlobalDecision_TOS,Trigger on Signal (TOS) flag for NuR Hlt1GlobalDecision
NuR_Hlt1LowPtDiMuonDecision_TIS,Trigger Independent of Signal (TIS) flag for NuR Hlt1LowPtDiMuonDecision
NuR_Hlt1LowPtDiMuonDecision_TOS,Trigger on Signal (TOS) flag for NuR Hlt1LowPtDiMuonDecision
NuR_Hlt1LowPtMuonDecision_TIS,Trigger Independent of Signal (TIS) flag for NuR Hlt1LowPtMuonDecision
NuR_Hlt1LowPtMuonDecision_TOS,Trigger on Signal (TOS) flag for NuR Hlt1LowPtMuonDecision
NuR_Hlt1PhysDecision_TIS,Trigger Independent of Signal (TIS) flag for NuR Hlt1PhysDecision
NuR_Hlt1PhysDecision_TOS,Trigger on Signal (TOS) flag for NuR Hlt1PhysDecision
NuR_Hlt1SingleHighPtMuonDecision_TIS,Trigger Independent of Signal (TIS) flag for NuR Hlt1SingleHighPtMuonDecision
NuR_Hlt1SingleHighPtMuonDecision_TOS,Trigger on Signal (TOS) flag for NuR Hlt1SingleHighPtMuonDecision
NuR_Hlt1TrackMVADecision_TIS,Trigger Independent of Signal (TIS) flag for NuR Hlt1TrackMVADecision
NuR_Hlt1TrackMVADecision_TOS,Trigger on Signal (TOS) flag for NuR Hlt1TrackMVADecision
NuR_Hlt1TrackMuonMVADecisionHlt1TwoTrackMVADecision_TIS,Trigger Independent of Signal (TIS) flag for NuR Hlt1TrackMuonMVADecisionHlt1TwoTrackMVADecision
NuR_Hlt1TrackMuonMVADecisionHlt1TwoTrackMVADecision_TOS,Trigger on Signal (TOS) flag for NuR Hlt1TrackMuonMVADecisionHlt1TwoTrackMVADecision
NuR_Hlt1TrackMuonMVADecision_TIS,Trigger Independent of Signal (TIS) flag for NuR Hlt1TrackMuonMVADecision
NuR_Hlt1TrackMuonMVADecision_TOS,Trigger on Signal (TOS) flag for NuR Hlt1TrackMuonMVADecision
NuR_Hlt2QEE_DiJetIncSVTag_pT25M40FullDecision_TIS,Trigger Independent of Signal (TIS) flag for NuR Hlt2QEE DiJetIncSVTag pT25M40FullDecision
NuR_Hlt2QEE_DiJetIncSVTag_pT25M40FullDecision_TOS,Trigger on Signal (TOS) flag for NuR Hlt2QEE DiJetIncSVTag pT25M40FullDecision
NuR_Hlt2QEE_DiSVTagJet10GeVFullDecision_TIS,Trigger Independent of Signal (TIS) flag for NuR Hlt2QEE DiSVTagJet10GeVFullDecision
NuR_Hlt2QEE_DiSVTagJet10GeVFullDecision_TOS,Trigger on Signal (TOS) flag for NuR Hlt2QEE DiSVTagJet10GeVFullDecision
NuR_Hlt2QEE_DiSVTagJet15GeVFullDecision_TIS,Trigger Independent of Signal (TIS) flag for NuR Hlt2QEE DiSVTagJet15GeVFullDecision
NuR_Hlt2QEE_DiSVTagJet15GeVFullDecision_TOS,Trigger on Signal (TOS) flag for NuR Hlt2QEE DiSVTagJet15GeVFullDecision
NuR_Hlt2QEE_DiSVTagJet20GeVFullDecision_TIS,Trigger Independent of Signal (TIS) flag for NuR Hlt2QEE DiSVTagJet20GeVFullDecision
NuR_Hlt2QEE_DiSVTagJet20GeVFullDecision_TOS,Trigger on Signal (TOS) flag for NuR Hlt2QEE DiSVTagJet20GeVFullDecision
NuR_Hlt2QEE_DiSVTagJet25GeVFullDecision_TIS,Trigger Independent of Signal (TIS) flag for NuR Hlt2QEE DiSVTagJet25GeVFullDecision
NuR_Hlt2QEE_DiSVTagJet25GeVFullDecision_TOS,Trigger on Signal (TOS) flag for NuR Hlt2QEE DiSVTagJet25GeVFullDecision
NuR_Hlt2QEE_DiSVTagJet30GeVFullDecision_TIS,Trigger Independent of Signal (TIS) flag for NuR Hlt2QEE DiSVTagJet30GeVFullDecision
NuR_Hlt2QEE_DiSVTagJet30GeVFullDecision_TOS,Trigger on Signal (TOS) flag for NuR Hlt2QEE DiSVTagJet30GeVFullDecision
NuR_Hlt2QEE_DiSVTagJet35GeVFullDecision_TIS,Trigger Independent of Signal (TIS) flag for NuR Hlt2QEE DiSVTagJet35GeVFullDecision
NuR_Hlt2QEE_DiSVTagJet35GeVFullDecision_TOS,Trigger on Signal (TOS) flag for NuR Hlt2QEE DiSVTagJet35GeVFullDecision
NuR_Hlt2QEE_DiTopoTagJet10GeVFullDecision_TIS,Trigger Independent of Signal (TIS) flag for NuR Hlt2QEE DiTopoTagJet10GeVFullDecision
NuR_Hlt2QEE_DiTopoTagJet10GeVFullDecision_TOS,Trigger on Signal (TOS) flag for NuR Hlt2QEE DiTopoTagJet10GeVFullDecision
NuR_Hlt2QEE_DiTopoTagJet15GeVFullDecision_TIS,Trigger Independent of Signal (TIS) flag for NuR Hlt2QEE DiTopoTagJet15GeVFullDecision
NuR_Hlt2QEE_DiTopoTagJet15GeVFullDecision_TOS,Trigger on Signal (TOS) flag for NuR Hlt2QEE DiTopoTagJet15GeVFullDecision
NuR_Hlt2QEE_DiTopoTagJet20GeVFullDecision_TIS,Trigger Independent of Signal (TIS) flag for NuR Hlt2QEE DiTopoTagJet20GeVFullDecision
NuR_Hlt2QEE_DiTopoTagJet20GeVFullDecision_TOS,Trigger on Signal (TOS) flag for NuR Hlt2QEE DiTopoTagJet20GeVFullDecision
NuR_Hlt2QEE_DiTopoTagJet25GeVFullDecision_TIS,Trigger Independent of Signal (TIS) flag for NuR Hlt2QEE DiTopoTagJet25GeVFullDecision
NuR_Hlt2QEE_DiTopoTagJet25GeVFullDecision_TOS,Trigger on Signal (TOS) flag for NuR Hlt2QEE DiTopoTagJet25GeVFullDecision
NuR_Hlt2QEE_DiTopoTagJet30GeVFullDecision_TIS,Trigger Independent of Signal (TIS) flag for NuR Hlt2QEE DiTopoTagJet30GeVFullDecision
NuR_Hlt2QEE_DiTopoTagJet30GeVFullDecision_TOS,Trigger on Signal (TOS) flag for NuR Hlt2QEE DiTopoTagJet30GeVFullDecision
NuR_Hlt2QEE_DiTopoTagJet35GeVFullDecision_TIS,Trigger Independent of Signal (TIS) flag for NuR Hlt2QEE DiTopoTagJet35GeVFullDecision
NuR_Hlt2QEE_DiTopoTagJet35GeVFullDecision_TOS,Trigger on Signal (TOS) flag for NuR Hlt2QEE DiTopoTagJet35GeVFullDecision
NuR_Hlt2QEE_IncJet15GeVFullDecision_TIS,Trigger Independent of Signal (TIS) flag for NuR Hlt2QEE IncJet15GeVFullDecision
NuR_Hlt2QEE_IncJet15GeVFullDecision_TOS,Trigger on Signal (TOS) flag for NuR Hlt2QEE IncJet15GeVFullDecision
NuR_Hlt2QEE_IncJet25GeVFullDecision_TIS,Trigger Independent of Signal (TIS) flag for NuR Hlt2QEE IncJet25GeVFullDecision
NuR_Hlt2QEE_IncJet25GeVFullDecision_TOS,Trigger on Signal (TOS) flag for NuR Hlt2QEE IncJet25GeVFullDecision
NuR_Hlt2QEE_IncJet35GeVFullDecision_TIS,Trigger Independent of Signal (TIS) flag for NuR Hlt2QEE IncJet35GeVFullDecision
NuR_Hlt2QEE_IncJet35GeVFullDecision_TOS,Trigger on Signal (TOS) flag for NuR Hlt2QEE IncJet35GeVFullDecision
NuR_Hlt2QEE_IncJet45GeVFullDecision_TIS,Trigger Independent of Signal (TIS) flag for NuR Hlt2QEE IncJet45GeVFullDecision
NuR_Hlt2QEE_IncJet45GeVFullDecision_TOS,Trigger on Signal (TOS) flag for NuR Hlt2QEE IncJet45GeVFullDecision
NuR_Hlt2QEE_SingleHighPtElectronFullDecision_TIS,Trigger Independent of Signal (TIS) flag for NuR Hlt2QEE SingleHighPtElectronFullDecision
NuR_Hlt2QEE_SingleHighPtElectronFullDecision_TOS,Trigger on Signal (TOS) flag for NuR Hlt2QEE SingleHighPtElectronFullDecision
NuR_Hlt2QEE_SingleHighPtMuonFullDecision_TIS,Trigger Independent of Signal (TIS) flag for NuR Hlt2QEE SingleHighPtMuonFullDecision
NuR_Hlt2QEE_SingleHighPtMuonFullDecision_TOS,Trigger on Signal (TOS) flag for NuR Hlt2QEE SingleHighPtMuonFullDecision
NuR_Hlt2QEE_SingleHighPtMuonIsoFullDecision_TIS,Trigger Independent of Signal (TIS) flag for NuR Hlt2QEE SingleHighPtMuonIsoFullDecision
NuR_Hlt2QEE_SingleHighPtMuonIsoFullDecision_TOS,Trigger on Signal (TOS) flag for NuR Hlt2QEE SingleHighPtMuonIsoFullDecision
NuR_Hlt2QEE_SingleHighPtMuonNoMuIDFullDecision_TIS,Trigger Independent of Signal (TIS) flag for NuR Hlt2QEE SingleHighPtMuonNoMuIDFullDecision
NuR_Hlt2QEE_SingleHighPtMuonNoMuIDFullDecision_TOS,Trigger on Signal (TOS) flag for NuR Hlt2QEE SingleHighPtMuonNoMuIDFullDecision
NuR_Hlt2QEE_SingleVHighPtElectronFullDecision_TIS,Trigger Independent of Signal (TIS) flag for NuR Hlt2QEE SingleVHighPtElectronFullDecision
NuR_Hlt2QEE_SingleVHighPtElectronFullDecision_TOS,Trigger on Signal (TOS) flag for NuR Hlt2QEE SingleVHighPtElectronFullDecision
NuR_Hlt2QEE_ZToMuMu_DoubleNoMuIDFullDecision_TIS,Trigger Independent of Signal (TIS) flag for NuR Hlt2QEE ZToMuMu DoubleNoMuIDFullDecision
NuR_Hlt2QEE_ZToMuMu_DoubleNoMuIDFullDecision_TOS,Trigger on Signal (TOS) flag for NuR Hlt2QEE ZToMuMu DoubleNoMuIDFullDecision
NuR_Hlt2QEE_ZToMuMu_SingleNoMuIDFullDecision_TIS,Trigger Independent of Signal (TIS) flag for NuR Hlt2QEE ZToMuMu SingleNoMuIDFullDecision
NuR_Hlt2QEE_ZToMuMu_SingleNoMuIDFullDecision_TOS,Trigger on Signal (TOS) flag for NuR Hlt2QEE ZToMuMu SingleNoMuIDFullDecision
NuR_ID,Particle ID of a Particle or MCParticle.
NuR_INBREM,In Brem acceptance
NuR_INECAL,In Ecal acceptance
NuR_INHCAL,In Hcal acceptance
NuR_KEY,Key of the KeyedObject.; Return contained value of optional or specified default if optional is empty
NuR_Key,Key of the KeyedObject.
NuR_M,Get the particle (composite or basic) mass.
NuR_MAX_DOCA,Compute the maximum pairwise distance of closest approach between members of a combination using IDistanceCalculator.
NuR_MAX_DOCACHI2,"Compute the maximum pairwise significance of the distance of closest approach, computed using an IDistanceCalculator implementation, between members of a combination."
NuR_MAX_MINIPCHI2,Calculate the maximum of the given functor value.; Miniumum impact parameter chi2 with respect to the given vertices.
NuR_MAX_OWNPVIPCHI2,Calculate the maximum of the given functor value.; Impact parameter chi2 with respect to the OWNPV()
NuR_MAX_P,Calculate the maximum of the given functor value.; Get the magnitude of the momentum vector (see THREEMOMENTUM() for definition).
NuR_MAX_PT,Calculate the maximum of the given functor value.; Get the transverse momentum (see THREEMOMENTUM() for definition).
NuR_MAX_SDOCA,Compute the maximum pairwise distance of closest approach between members of a combination.
NuR_MAX_SDOCACHI2,Compute the maximum pairwise significance of the distance of closest approach between members of a combination.
NuR_MINIP,Miniumum impact parameter with respect to the given vertices.
NuR_MINIPCHI2,Miniumum impact parameter chi2 with respect to the given vertices.
NuR_MIN_OWNPVIPCHI2,Calculate the minimum of the given functor value.; Impact parameter chi2 with respect to the OWNPV()
NuR_MIN_P,Calculate the minimum of the given functor value.; Get the magnitude of the momentum vector (see THREEMOMENTUM() for definition).
NuR_MIN_PT,Calculate the minimum of the given functor value.; Get the transverse momentum (see THREEMOMENTUM() for definition).
NuR_OBJECT_KEY,Key of the KeyedObject.
NuR_OWNPVIP,Impact parameter with respect to the OWNPV()
NuR_OWNPVIPCHI2,Impact parameter chi2 with respect to the OWNPV()
NuR_OWNPVNDOF,Number of degrees of freedom [for chi2]; Return contained value of optional or specified default if optional is empty
NuR_OWNPVX,X-coordinate of the PV associated to the particle
NuR_OWNPVY,Y-coordinate of the PV associated to the particle
NuR_OWNPVZ,Z-coordinate of the PV associated to the particle
NuR_OWNPV_DIRA,Direction angle between the three-momentum of a particle and its OWNPVFDVEC()
NuR_OWNPV_DLS,Decay length significance with respect to the OWNPV()
NuR_OWNPV_ETA,Eta-coordinate of OWNPVFDVEC()
NuR_OWNPV_FD,Distance between the endvertex position and the position of the PV associated to a particle
NuR_OWNPV_FDCHI2,Flight distance chi2 with respect to the OWNPV()
NuR_OWNPV_FDIRX,X-component of unit flight direction vector with respect to own PV
NuR_OWNPV_FDIRY,Y-component of unit flight direction vector with respect to own PV
NuR_OWNPV_FDIRZ,Z-component of unit flight direction vector with respect to own PV
NuR_OWNPV_FDVECX,X-component of flight distance vector with respect to own PV
NuR_OWNPV_FDVECY,Y-component of flight distance vector with respect to own PV
NuR_OWNPV_FDVECZ,Z-component of flight distance vector with respect to own PV
NuR_OWNPV_LTIME,Lifetime with respect to the OWNPV()
NuR_OWNPV_VDRHO,Rho-coordinate of OWNPVFDVEC()
NuR_OWNPV_VDX,Distance along the x-axis between the endvertex and the PV associated to a particle
NuR_OWNPV_VDY,Distance along the y-axis between the endvertex and the PV associated to a particle
NuR_OWNPV_VDZ,Distance along the z-axis between the endvertex and the PV associated to a particle
NuR_P,Get the magnitude of the momentum vector (see THREEMOMENTUM() for definition).
NuR_PARTICLE_ID,Particle ID (PDG code)
NuR_PHI,Get the phi coordinate of a slope (see SLOPES() for definition).
NuR_PROBNN_D,MVA probability for deuteron hypothesis
NuR_PROBNN_E,MVA probability for electron hypothesis
NuR_PROBNN_GHOST,MVA probability for ghost track hypothesis
NuR_PROBNN_K,MVA probability for kaon hypothesis
NuR_PROBNN_MU,MVA probability for muon hypothesis
NuR_PROBNN_P,MVA probability for proton hypothesis
NuR_PROBNN_PI,MVA probability for pion hypothesis
NuR_PT,Get the transverse momentum (see THREEMOMENTUM() for definition).
NuR_PX,Get the X-coordinate of the momentum (see THREEMOMENTUM() for definition).
NuR_PY,Get the Y-coordinate of the momentum (see THREEMOMENTUM() for definition).
NuR_PZ,Get the Z-coordinate of the momentum (see THREEMOMENTUM() for definition).
NuR_Q,Compute the charge
NuR_SDOCA12,
NuR_SUM_MINIPCHI2,Calculate the [scalar] sum of the given functor value.; Miniumum impact parameter chi2 with respect to the given vertices.
NuR_SUM_OWNPVIPCHI2,Calculate the [scalar] sum of the given functor value.; Impact parameter chi2 with respect to the OWNPV()
NuR_SUM_P,Calculate the [scalar] sum of the given functor value.; Get the magnitude of the momentum vector (see THREEMOMENTUM() for definition).
NuR_SUM_PT,Calculate the [scalar] sum of the given functor value.; Get the transverse momentum (see THREEMOMENTUM() for definition).
NuR_THETA,Get the theta coordinate of a slope (see SLOPES() for definition).
NuR_VTXCHI2,Vertex or track chi^2.
NuR_VTXCHI2NDOF,Vertex or track chi^2 per degrees of freedom.
NuR_log_MAX_P,Calculate the maximum of the given functor value.
NuR_log_MAX_PT,Calculate the maximum of the given functor value.
NuR_log_MIN_P,Calculate the minimum of the given functor value.
NuR_log_MIN_PT,Calculate the minimum of the given functor value.
NuR_log_P,Get the magnitude of the momentum vector (see THREEMOMENTUM() for definition).
NuR_log_PT,Get the transverse momentum (see THREEMOMENTUM() for definition).
NuR_log_SUM_P,Calculate the [scalar] sum of the given functor value.
NuR_log_SUM_PT,Calculate the [scalar] sum of the given functor value.
ODINTCK,ODIN trigger configuration key
PV_SIZE,Size of the container at the given TES location
RUNNUMBER,Run number from ODIN
SpruceQEE_Dijets1515Decision,Trigger decision: SpruceQEE Dijets1515
SpruceQEE_Dijets2020Decision,Trigger decision: SpruceQEE Dijets2020
SpruceQEE_Dijets2525Decision,Trigger decision: SpruceQEE Dijets2525
SpruceQEE_Dijets3030Decision,Trigger decision: SpruceQEE Dijets3030
SpruceQEE_Dijets3535Decision,Trigger decision: SpruceQEE Dijets3535
SpruceQEE_IncSVTagDijetsDecision,Trigger decision: SpruceQEE IncSVTagDijets
SpruceQEE_SingleHighPtElectronDecision,Trigger decision: SpruceQEE SingleHighPtElectron
SpruceQEE_SingleHighPtMuonDecision,Trigger decision: SpruceQEE SingleHighPtMuon
SpruceQEE_SingleHighPtMuonIsoDecision,Trigger decision: SpruceQEE SingleHighPtMuonIso
SpruceQEE_SingleJet15Decision,Trigger decision: SpruceQEE SingleJet15
SpruceQEE_SingleJet25Decision,Trigger decision: SpruceQEE SingleJet25
SpruceQEE_SingleJet35Decision,Trigger decision: SpruceQEE SingleJet35
SpruceQEE_SingleJet45Decision,Trigger decision: SpruceQEE SingleJet45
SpruceQEE_SingleVHighPtElectronDecision,Trigger decision: SpruceQEE SingleVHighPtElectron
SpruceQEE_WJetDecision,Trigger decision: SpruceQEE WJet
SpruceQEE_WJetJetDecision,Trigger decision: SpruceQEE WJetJet
SpruceQEE_ZToMuMuDecision,Trigger decision: SpruceQEE ZToMuMu
SpruceQEE_ZToMuMu_DoubleNoMuIDDecision,Trigger decision: SpruceQEE ZToMuMu DoubleNoMuID
SpruceQEE_ZToMuMu_SingleNoMuIDDecision,Trigger decision: SpruceQEE ZToMuMu SingleNoMuID
SpruceQEE_diSVTag1010Decision,Trigger decision: SpruceQEE diSVTag1010
SpruceQEE_diSVTag1515Decision,Trigger decision: SpruceQEE diSVTag1515
SpruceQEE_diSVTag2020Decision,Trigger decision: SpruceQEE diSVTag2020
SpruceQEE_diSVTag2525Decision,Trigger decision: SpruceQEE diSVTag2525
SpruceQEE_diSVTag3030Decision,Trigger decision: SpruceQEE diSVTag3030
SpruceQEE_diSVTag3535Decision,Trigger decision: SpruceQEE diSVTag3535
SpruceQEE_diTopoTag1010Decision,Trigger decision: SpruceQEE diTopoTag1010
SpruceQEE_diTopoTag1515Decision,Trigger decision: SpruceQEE diTopoTag1515
SpruceQEE_diTopoTag2020Decision,Trigger decision: SpruceQEE diTopoTag2020
SpruceQEE_diTopoTag2525Decision,Trigger decision: SpruceQEE diTopoTag2525
SpruceQEE_diTopoTag3030Decision,Trigger decision: SpruceQEE diTopoTag3030
SpruceQEE_diTopoTag3535Decision,Trigger decision: SpruceQEE diTopoTag3535
Spruce_TCK,Spruce trigger configuration key
W_ALLPV_FD,Flight distance with respect to all primary vertices
W_ALLPV_IP,Impact parameter with respect to all primary vertices
W_ALLPV_IPCHI2,Impact parameter chi2 with respect to all primary vertices
W_ALV,Compute the cosine value of angle between two decay products.
W_BPV_IPCHI2,Impact parameter Chi2 with respect to the BPV(). More precisely that means the difference in the chi2 of the PV fit (of the BPV) between including and excluding the object the function is called on.
W_BPV_LTIME,Lifetime with respect to the BPV()
W_BREMBENDCORR,Correction factor accounting for bending biases in track due to brem
W_BREMENERGY,Brem momentum-recovery energy
W_BREMHYPOAREA,Area code of brem CaloHypo CellID
W_BREMHYPOCOL,Column code of brem CaloHypo CellID
W_BREMHYPODELTAX,Test statistic of being first-state like of CaloHypo (photon) for brem recovery
W_BREMHYPOENERGY,Energy of CaloHypo (photon) associated to track for brem recovery
W_BREMHYPOID,All significant bits representation of CellID (32bits) for CaloHypo (photon) associated to track for brem recovery
W_BREMHYPOMATCH_CHI2,2D chi2 of CaloHypo (photon) associated to track for brem recovery
W_BREMHYPOROW,Row code of brem CaloHypo CellID
W_BREMPIDE,Brem-based DLL for electron-ID
W_BREMTRACKBASEDENERGY,Track-based brem energy determination
W_CLUSTERAREA,Area code of best matching cluster CellID
W_CLUSTERCOL,Column code of best matching cluster CellID
W_CLUSTERID,CellID.all() of the best matching cluster for a given reconstructed track
W_CLUSTERMATCH_CHI2,CaloID estimator: 2D chi2 for Track/CaloCluster matching (neutral + charged)
W_CLUSTERROW,Row code of best matching cluster CellID
W_CaloClusterMass,Retrieve the CALO cluster mass obtained from MergedPi0Alg
W_CaloNeutral1To9EnergyRatio,Fraction of highest E cell (seed) to 9 (3x3) cells forming the cluster
W_CaloNeutral4To9EnergyRatio,Fraction of highest 2x2 cell (seed) to 9 (3x3) cells forming the cluster
W_CaloNeutralArea,Retrieve area code of neutral CaloHypo CellID
W_CaloNeutralCol,Retrieve column code of neutral CaloHypo CellID
W_CaloNeutralEcalEnergy,Retrieve the ECAL cluster energy associated to the neutral CaloHypo
W_CaloNeutralHcal2EcalEnergyRatio,Retrieve the HCAL/ECAL energy ratio associated to the neutral CaloHypo
W_CaloNeutralID,Retrieve bitwise information (32bits) of all CALO neutral seed CellIDs
W_CaloNeutralRow,Retrieve row code of neutral CaloHypo CellID
W_CaloNeutralShowerShape,CaloID estimator: 2nd order moment of the cluster (shower width)
W_CaloNumSaturatedCells,Number of saturated cells in calorimeter
W_CaloTrackMatchChi2,Chi2 of track-calorimeter cluster match
W_DOCA12,
W_DOCA12CHI2,
W_E,Get the energy (see FOURMOMENTUM() for definition).
W_ECALPIDE,Ecal-based DLL for electron-ID
W_ECALPIDMU,Ecal-based DLL for mu-ID
W_ELECTRONAREA,Area code of electron CaloHypo CellID
W_ELECTRONCOL,Column code of electron CaloHypo CellID
W_ELECTRONENERGY,Cluster energy associated to CaloHypo (charged electron)
W_ELECTRONID,All significant bits representation of CellID (32bits) associated to CaloHypo seed (electron hypo)
W_ELECTRONMATCH_CHI2,CaloID estimator: 3D chi2 for Track/CaloHypo(e) matching (charged)
W_ELECTRONROW,Row code of electron CaloHypo CellID
W_ELECTRONSHOWERDLL,Summed per-cell E/p DLL (electron versus pion) with track-based cell selection
W_ELECTRONSHOWEREOP,Electron energy/momentum with track-based cell selection
W_END_VX,Get the X-coordinate of the ENDVERTEX() of a particle.
W_END_VY,Get the Y-coordinate of the ENDVERTEX() of a particle.
W_END_VZ,Get the Z–coordinate of the ENDVERTEX() of a particle.
W_ETA,Get the eta (pseudorapidity) coordinate of a slope (see SLOPES() for definition).
W_HASBREM,Has non-zero brem momentum-recovery energy
W_HASBREMADDED,Has non-zero brem momentum-recovery energy added (using Particle class flag)
W_HCALEOP,Hcal energy deposit over momentum (track)
W_HCALPIDE,Hcal-based DLL for electron-ID
W_HCALPIDMU,Hcal-based DLL for mu-ID
W_Hlt1DiMuonHighMassDecision_TIS,Trigger Independent of Signal (TIS) flag for W Hlt1DiMuonHighMassDecision
W_Hlt1DiMuonHighMassDecision_TOS,Trigger on Signal (TOS) flag for W Hlt1DiMuonHighMassDecision
W_Hlt1DiMuonLowMassDecision_TIS,Trigger Independent of Signal (TIS) flag for W Hlt1DiMuonLowMassDecision
W_Hlt1DiMuonLowMassDecision_TOS,Trigger on Signal (TOS) flag for W Hlt1DiMuonLowMassDecision
W_Hlt1DiMuonNoIPDecision_TIS,Trigger Independent of Signal (TIS) flag for W Hlt1DiMuonNoIPDecision
W_Hlt1DiMuonNoIPDecision_TOS,Trigger on Signal (TOS) flag for W Hlt1DiMuonNoIPDecision
W_Hlt1DiMuonNoIP_SSDecision_TIS,Trigger Independent of Signal (TIS) flag for W Hlt1DiMuonNoIP SSDecision
W_Hlt1DiMuonNoIP_SSDecision_TOS,Trigger on Signal (TOS) flag for W Hlt1DiMuonNoIP SSDecision
W_Hlt1DiMuonSoftDecision_TIS,Trigger Independent of Signal (TIS) flag for W Hlt1DiMuonSoftDecision
W_Hlt1DiMuonSoftDecision_TOS,Trigger on Signal (TOS) flag for W Hlt1DiMuonSoftDecision
W_Hlt1GlobalDecision_TIS,Trigger Independent of Signal (TIS) flag for W Hlt1GlobalDecision
W_Hlt1GlobalDecision_TOS,Trigger on Signal (TOS) flag for W Hlt1GlobalDecision
W_Hlt1LowPtDiMuonDecision_TIS,Trigger Independent of Signal (TIS) flag for W Hlt1LowPtDiMuonDecision
W_Hlt1LowPtDiMuonDecision_TOS,Trigger on Signal (TOS) flag for W Hlt1LowPtDiMuonDecision
W_Hlt1LowPtMuonDecision_TIS,Trigger Independent of Signal (TIS) flag for W Hlt1LowPtMuonDecision
W_Hlt1LowPtMuonDecision_TOS,Trigger on Signal (TOS) flag for W Hlt1LowPtMuonDecision
W_Hlt1PhysDecision_TIS,Trigger Independent of Signal (TIS) flag for W Hlt1PhysDecision
W_Hlt1PhysDecision_TOS,Trigger on Signal (TOS) flag for W Hlt1PhysDecision
W_Hlt1SingleHighPtMuonDecision_TIS,Trigger Independent of Signal (TIS) flag for W Hlt1SingleHighPtMuonDecision
W_Hlt1SingleHighPtMuonDecision_TOS,Trigger on Signal (TOS) flag for W Hlt1SingleHighPtMuonDecision
W_Hlt1TrackMVADecision_TIS,Trigger Independent of Signal (TIS) flag for W Hlt1TrackMVADecision
W_Hlt1TrackMVADecision_TOS,Trigger on Signal (TOS) flag for W Hlt1TrackMVADecision
W_Hlt1TrackMuonMVADecisionHlt1TwoTrackMVADecision_TIS,Trigger Independent of Signal (TIS) flag for W Hlt1TrackMuonMVADecisionHlt1TwoTrackMVADecision
W_Hlt1TrackMuonMVADecisionHlt1TwoTrackMVADecision_TOS,Trigger on Signal (TOS) flag for W Hlt1TrackMuonMVADecisionHlt1TwoTrackMVADecision
W_Hlt1TrackMuonMVADecision_TIS,Trigger Independent of Signal (TIS) flag for W Hlt1TrackMuonMVADecision
W_Hlt1TrackMuonMVADecision_TOS,Trigger on Signal (TOS) flag for W Hlt1TrackMuonMVADecision
W_Hlt2QEE_DiJetIncSVTag_pT25M40FullDecision_TIS,Trigger Independent of Signal (TIS) flag for W Hlt2QEE DiJetIncSVTag pT25M40FullDecision
W_Hlt2QEE_DiJetIncSVTag_pT25M40FullDecision_TOS,Trigger on Signal (TOS) flag for W Hlt2QEE DiJetIncSVTag pT25M40FullDecision
W_Hlt2QEE_DiSVTagJet10GeVFullDecision_TIS,Trigger Independent of Signal (TIS) flag for W Hlt2QEE DiSVTagJet10GeVFullDecision
W_Hlt2QEE_DiSVTagJet10GeVFullDecision_TOS,Trigger on Signal (TOS) flag for W Hlt2QEE DiSVTagJet10GeVFullDecision
W_Hlt2QEE_DiSVTagJet15GeVFullDecision_TIS,Trigger Independent of Signal (TIS) flag for W Hlt2QEE DiSVTagJet15GeVFullDecision
W_Hlt2QEE_DiSVTagJet15GeVFullDecision_TOS,Trigger on Signal (TOS) flag for W Hlt2QEE DiSVTagJet15GeVFullDecision
W_Hlt2QEE_DiSVTagJet20GeVFullDecision_TIS,Trigger Independent of Signal (TIS) flag for W Hlt2QEE DiSVTagJet20GeVFullDecision
W_Hlt2QEE_DiSVTagJet20GeVFullDecision_TOS,Trigger on Signal (TOS) flag for W Hlt2QEE DiSVTagJet20GeVFullDecision
W_Hlt2QEE_DiSVTagJet25GeVFullDecision_TIS,Trigger Independent of Signal (TIS) flag for W Hlt2QEE DiSVTagJet25GeVFullDecision
W_Hlt2QEE_DiSVTagJet25GeVFullDecision_TOS,Trigger on Signal (TOS) flag for W Hlt2QEE DiSVTagJet25GeVFullDecision
W_Hlt2QEE_DiSVTagJet30GeVFullDecision_TIS,Trigger Independent of Signal (TIS) flag for W Hlt2QEE DiSVTagJet30GeVFullDecision
W_Hlt2QEE_DiSVTagJet30GeVFullDecision_TOS,Trigger on Signal (TOS) flag for W Hlt2QEE DiSVTagJet30GeVFullDecision
W_Hlt2QEE_DiSVTagJet35GeVFullDecision_TIS,Trigger Independent of Signal (TIS) flag for W Hlt2QEE DiSVTagJet35GeVFullDecision
W_Hlt2QEE_DiSVTagJet35GeVFullDecision_TOS,Trigger on Signal (TOS) flag for W Hlt2QEE DiSVTagJet35GeVFullDecision
W_Hlt2QEE_DiTopoTagJet10GeVFullDecision_TIS,Trigger Independent of Signal (TIS) flag for W Hlt2QEE DiTopoTagJet10GeVFullDecision
W_Hlt2QEE_DiTopoTagJet10GeVFullDecision_TOS,Trigger on Signal (TOS) flag for W Hlt2QEE DiTopoTagJet10GeVFullDecision
W_Hlt2QEE_DiTopoTagJet15GeVFullDecision_TIS,Trigger Independent of Signal (TIS) flag for W Hlt2QEE DiTopoTagJet15GeVFullDecision
W_Hlt2QEE_DiTopoTagJet15GeVFullDecision_TOS,Trigger on Signal (TOS) flag for W Hlt2QEE DiTopoTagJet15GeVFullDecision
W_Hlt2QEE_DiTopoTagJet20GeVFullDecision_TIS,Trigger Independent of Signal (TIS) flag for W Hlt2QEE DiTopoTagJet20GeVFullDecision
W_Hlt2QEE_DiTopoTagJet20GeVFullDecision_TOS,Trigger on Signal (TOS) flag for W Hlt2QEE DiTopoTagJet20GeVFullDecision
W_Hlt2QEE_DiTopoTagJet25GeVFullDecision_TIS,Trigger Independent of Signal (TIS) flag for W Hlt2QEE DiTopoTagJet25GeVFullDecision
W_Hlt2QEE_DiTopoTagJet25GeVFullDecision_TOS,Trigger on Signal (TOS) flag for W Hlt2QEE DiTopoTagJet25GeVFullDecision
W_Hlt2QEE_DiTopoTagJet30GeVFullDecision_TIS,Trigger Independent of Signal (TIS) flag for W Hlt2QEE DiTopoTagJet30GeVFullDecision
W_Hlt2QEE_DiTopoTagJet30GeVFullDecision_TOS,Trigger on Signal (TOS) flag for W Hlt2QEE DiTopoTagJet30GeVFullDecision
W_Hlt2QEE_DiTopoTagJet35GeVFullDecision_TIS,Trigger Independent of Signal (TIS) flag for W Hlt2QEE DiTopoTagJet35GeVFullDecision
W_Hlt2QEE_DiTopoTagJet35GeVFullDecision_TOS,Trigger on Signal (TOS) flag for W Hlt2QEE DiTopoTagJet35GeVFullDecision
W_Hlt2QEE_IncJet15GeVFullDecision_TIS,Trigger Independent of Signal (TIS) flag for W Hlt2QEE IncJet15GeVFullDecision
W_Hlt2QEE_IncJet15GeVFullDecision_TOS,Trigger on Signal (TOS) flag for W Hlt2QEE IncJet15GeVFullDecision
W_Hlt2QEE_IncJet25GeVFullDecision_TIS,Trigger Independent of Signal (TIS) flag for W Hlt2QEE IncJet25GeVFullDecision
W_Hlt2QEE_IncJet25GeVFullDecision_TOS,Trigger on Signal (TOS) flag for W Hlt2QEE IncJet25GeVFullDecision
W_Hlt2QEE_IncJet35GeVFullDecision_TIS,Trigger Independent of Signal (TIS) flag for W Hlt2QEE IncJet35GeVFullDecision
W_Hlt2QEE_IncJet35GeVFullDecision_TOS,Trigger on Signal (TOS) flag for W Hlt2QEE IncJet35GeVFullDecision
W_Hlt2QEE_IncJet45GeVFullDecision_TIS,Trigger Independent of Signal (TIS) flag for W Hlt2QEE IncJet45GeVFullDecision
W_Hlt2QEE_IncJet45GeVFullDecision_TOS,Trigger on Signal (TOS) flag for W Hlt2QEE IncJet45GeVFullDecision
W_Hlt2QEE_SingleHighPtElectronFullDecision_TIS,Trigger Independent of Signal (TIS) flag for W Hlt2QEE SingleHighPtElectronFullDecision
W_Hlt2QEE_SingleHighPtElectronFullDecision_TOS,Trigger on Signal (TOS) flag for W Hlt2QEE SingleHighPtElectronFullDecision
W_Hlt2QEE_SingleHighPtMuonFullDecision_TIS,Trigger Independent of Signal (TIS) flag for W Hlt2QEE SingleHighPtMuonFullDecision
W_Hlt2QEE_SingleHighPtMuonFullDecision_TOS,Trigger on Signal (TOS) flag for W Hlt2QEE SingleHighPtMuonFullDecision
W_Hlt2QEE_SingleHighPtMuonIsoFullDecision_TIS,Trigger Independent of Signal (TIS) flag for W Hlt2QEE SingleHighPtMuonIsoFullDecision
W_Hlt2QEE_SingleHighPtMuonIsoFullDecision_TOS,Trigger on Signal (TOS) flag for W Hlt2QEE SingleHighPtMuonIsoFullDecision
W_Hlt2QEE_SingleHighPtMuonNoMuIDFullDecision_TIS,Trigger Independent of Signal (TIS) flag for W Hlt2QEE SingleHighPtMuonNoMuIDFullDecision
W_Hlt2QEE_SingleHighPtMuonNoMuIDFullDecision_TOS,Trigger on Signal (TOS) flag for W Hlt2QEE SingleHighPtMuonNoMuIDFullDecision
W_Hlt2QEE_SingleVHighPtElectronFullDecision_TIS,Trigger Independent of Signal (TIS) flag for W Hlt2QEE SingleVHighPtElectronFullDecision
W_Hlt2QEE_SingleVHighPtElectronFullDecision_TOS,Trigger on Signal (TOS) flag for W Hlt2QEE SingleVHighPtElectronFullDecision
W_Hlt2QEE_ZToMuMu_DoubleNoMuIDFullDecision_TIS,Trigger Independent of Signal (TIS) flag for W Hlt2QEE ZToMuMu DoubleNoMuIDFullDecision
W_Hlt2QEE_ZToMuMu_DoubleNoMuIDFullDecision_TOS,Trigger on Signal (TOS) flag for W Hlt2QEE ZToMuMu DoubleNoMuIDFullDecision
W_Hlt2QEE_ZToMuMu_SingleNoMuIDFullDecision_TIS,Trigger Independent of Signal (TIS) flag for W Hlt2QEE ZToMuMu SingleNoMuIDFullDecision
W_Hlt2QEE_ZToMuMu_SingleNoMuIDFullDecision_TOS,Trigger on Signal (TOS) flag for W Hlt2QEE ZToMuMu SingleNoMuIDFullDecision
W_ID,Particle ID of a Particle or MCParticle.
W_INBREM,In Brem acceptance
W_INECAL,In Ecal acceptance
W_INHCAL,In Hcal acceptance
W_KEY,Key of the KeyedObject.; Return contained value of optional or specified default if optional is empty
W_Key,Key of the KeyedObject.
W_M,Get the particle (composite or basic) mass.
W_MAX_DOCA,Compute the maximum pairwise distance of closest approach between members of a combination using IDistanceCalculator.
W_MAX_DOCACHI2,"Compute the maximum pairwise significance of the distance of closest approach, computed using an IDistanceCalculator implementation, between members of a combination."
W_MAX_MINIPCHI2,Calculate the maximum of the given functor value.; Miniumum impact parameter chi2 with respect to the given vertices.
W_MAX_OWNPVIPCHI2,Calculate the maximum of the given functor value.; Impact parameter chi2 with respect to the OWNPV()
W_MAX_P,Calculate the maximum of the given functor value.; Get the magnitude of the momentum vector (see THREEMOMENTUM() for definition).
W_MAX_PT,Calculate the maximum of the given functor value.; Get the transverse momentum (see THREEMOMENTUM() for definition).
W_MAX_SDOCA,Compute the maximum pairwise distance of closest approach between members of a combination.
W_MAX_SDOCACHI2,Compute the maximum pairwise significance of the distance of closest approach between members of a combination.
W_MINIP,Miniumum impact parameter with respect to the given vertices.
W_MINIPCHI2,Miniumum impact parameter chi2 with respect to the given vertices.
W_MIN_OWNPVIPCHI2,Calculate the minimum of the given functor value.; Impact parameter chi2 with respect to the OWNPV()
W_MIN_P,Calculate the minimum of the given functor value.; Get the magnitude of the momentum vector (see THREEMOMENTUM() for definition).
W_MIN_PT,Calculate the minimum of the given functor value.; Get the transverse momentum (see THREEMOMENTUM() for definition).
W_MmuWmuN,Combined mass of muon and W candidate
W_OBJECT_KEY,Key of the KeyedObject.
W_OWNPVIP,Impact parameter with respect to the OWNPV()
W_OWNPVIPCHI2,Impact parameter chi2 with respect to the OWNPV()
W_OWNPVNDOF,Number of degrees of freedom [for chi2]; Return contained value of optional or specified default if optional is empty
W_OWNPVX,X-coordinate of the PV associated to the particle
W_OWNPVY,Y-coordinate of the PV associated to the particle
W_OWNPVZ,Z-coordinate of the PV associated to the particle
W_OWNPV_DIRA,Direction angle between the three-momentum of a particle and its OWNPVFDVEC()
W_OWNPV_DLS,Decay length significance with respect to the OWNPV()
W_OWNPV_ETA,Eta-coordinate of OWNPVFDVEC()
W_OWNPV_FD,Distance between the endvertex position and the position of the PV associated to a particle
W_OWNPV_FDCHI2,Flight distance chi2 with respect to the OWNPV()
W_OWNPV_FDIRX,X-component of unit flight direction vector with respect to own PV
W_OWNPV_FDIRY,Y-component of unit flight direction vector with respect to own PV
W_OWNPV_FDIRZ,Z-component of unit flight direction vector with respect to own PV
W_OWNPV_FDVECX,X-component of flight distance vector with respect to own PV
W_OWNPV_FDVECY,Y-component of flight distance vector with respect to own PV
W_OWNPV_FDVECZ,Z-component of flight distance vector with respect to own PV
W_OWNPV_LTIME,Lifetime with respect to the OWNPV()
W_OWNPV_VDRHO,Rho-coordinate of OWNPVFDVEC()
W_OWNPV_VDX,Distance along the x-axis between the endvertex and the PV associated to a particle
W_OWNPV_VDY,Distance along the y-axis between the endvertex and the PV associated to a particle
W_OWNPV_VDZ,Distance along the z-axis between the endvertex and the PV associated to a particle
W_P,Get the magnitude of the momentum vector (see THREEMOMENTUM() for definition).
W_PARTICLE_ID,Particle ID (PDG code)
W_PHI,Get the phi coordinate of a slope (see SLOPES() for definition).
W_PROBNN_D,MVA probability for deuteron hypothesis
W_PROBNN_E,MVA probability for electron hypothesis
W_PROBNN_GHOST,MVA probability for ghost track hypothesis
W_PROBNN_K,MVA probability for kaon hypothesis
W_PROBNN_MU,MVA probability for muon hypothesis
W_PROBNN_P,MVA probability for proton hypothesis
W_PROBNN_PI,MVA probability for pion hypothesis
W_PT,Get the transverse momentum (see THREEMOMENTUM() for definition).
W_PX,Get the X-coordinate of the momentum (see THREEMOMENTUM() for definition).
W_PY,Get the Y-coordinate of the momentum (see THREEMOMENTUM() for definition).
W_PZ,Get the Z-coordinate of the momentum (see THREEMOMENTUM() for definition).
W_Q,Compute the charge
W_SDOCA12,
W_SUM_MINIPCHI2,Calculate the [scalar] sum of the given functor value.; Miniumum impact parameter chi2 with respect to the given vertices.
W_SUM_OWNPVIPCHI2,Calculate the [scalar] sum of the given functor value.; Impact parameter chi2 with respect to the OWNPV()
W_SUM_P,Calculate the [scalar] sum of the given functor value.; Get the magnitude of the momentum vector (see THREEMOMENTUM() for definition).
W_SUM_PT,Calculate the [scalar] sum of the given functor value.; Get the transverse momentum (see THREEMOMENTUM() for definition).
W_THETA,Get the theta coordinate of a slope (see SLOPES() for definition).
W_VTXCHI2,Vertex or track chi^2.
W_VTXCHI2NDOF,Vertex or track chi^2 per degrees of freedom.
W_log_MAX_P,Calculate the maximum of the given functor value.
W_log_MAX_PT,Calculate the maximum of the given functor value.
W_log_MIN_P,Calculate the minimum of the given functor value.
W_log_MIN_PT,Calculate the minimum of the given functor value.
W_log_P,Get the magnitude of the momentum vector (see THREEMOMENTUM() for definition).
W_log_PT,Get the transverse momentum (see THREEMOMENTUM() for definition).
W_log_SUM_P,Calculate the [scalar] sum of the given functor value.
W_log_SUM_PT,Calculate the [scalar] sum of the given functor value.
nBackTracks,Extracts DataType information from LHCb::RecSummary.DataType; Return contained value of optional or specified default if optional is empty
nDownstreamTracks,Extracts DataType information from LHCb::RecSummary.DataType; Return contained value of optional or specified default if optional is empty
nEcalClusters,Extracts DataType information from LHCb::RecSummary.DataType; Return contained value of optional or specified default if optional is empty
nFTClusters,Extracts DataType information from LHCb::RecSummary.DataType; Return contained value of optional or specified default if optional is empty
nLongTracks,Extracts DataType information from LHCb::RecSummary.DataType; Return contained value of optional or specified default if optional is empty
nPVs,Extracts DataType information from LHCb::RecSummary.DataType; Return contained value of optional or specified default if optional is empty
nRich1Hits,Extracts DataType information from LHCb::RecSummary.DataType; Return contained value of optional or specified default if optional is empty
nRich2Hits,Extracts DataType information from LHCb::RecSummary.DataType; Return contained value of optional or specified default if optional is empty
nTTracks,Extracts DataType information from LHCb::RecSummary.DataType; Return contained value of optional or specified default if optional is empty
nUTClusters,Extracts DataType information from LHCb::RecSummary.DataType; Return contained value of optional or specified default if optional is empty
nUpstreamTracks,Extracts DataType information from LHCb::RecSummary.DataType; Return contained value of optional or specified default if optional is empty
nVPClusters,Extracts DataType information from LHCb::RecSummary.DataType; Return contained value of optional or specified default if optional is empty
nVeloTracks,Extracts DataType information from LHCb::RecSummary.DataType; Return contained value of optional or specified default if optional is empty
